Team,Spiel,Nachname,Vorname,Punkte,FWVersuche,FWTreffer,2er,3er,Fouls
 Sportvg Feuerbach 3, 10,Awadh,Saad,0.0,0.0,0.0,0.0,0.0,0.0
 Sportvg Feuerbach 3, 10,Berkant,Kurban,0.0,0.0,0.0,0.0,0.0,1.0
 Sportvg Feuerbach 3, 10,Boras,Karlo,6.0,0.0,0.0,3.0,0.0,1.0
 Sportvg Feuerbach 3, 10,Bosnajkovic,Sanjin,3.0,0.0,0.0,0.0,1.0,2.0
 Sportvg Feuerbach 3, 10,Kitsakis,Ioannis,3.0,0.0,0.0,0.0,1.0,2.0
 Sportvg Feuerbach 3, 10,Mesic,Khiyan,8.0,0.0,0.0,4.0,0.0,2.0
 Sportvg Feuerbach 3, 10,Pelkner,Niklas,6.0,4.0,1.0,1.0,1.0,2.0
 Sportvg Feuerbach 3, 10,Sener,Ömer,0.0,0.0,0.0,0.0,0.0,1.0
 Sportvg Feuerbach 3, 10,Skrimizeas,Dimitrios,3.0,2.0,1.0,1.0,0.0,3.0
 SG Schorndorf, 10,Baykal,Timur,7.0,3.0,1.0,3.0,0.0,1.0
 SG Schorndorf, 10,Buskus,Ignas,0.0,0.0,0.0,0.0,0.0,0.0
 SG Schorndorf, 10,Cimino,Kareem,13.0,8.0,5.0,4.0,0.0,0.0
 SG Schorndorf, 10,Gerstenhauer,Timo,0.0,0.0,0.0,0.0,0.0,0.0
 SG Schorndorf, 10,Hergül,Eray,3.0,0.0,0.0,0.0,1.0,0.0
 SG Schorndorf, 10,Hergül,Koray,14.0,0.0,0.0,1.0,4.0,1.0
 SG Schorndorf, 10,Komlenic,Dusan,10.0,4.0,1.0,3.0,1.0,2.0
 SG Schorndorf, 10,Komlenic,Krstan,0.0,0.0,0.0,0.0,0.0,0.0
 SG Schorndorf, 10,Meinlschmidt,Tim,0.0,0.0,0.0,0.0,0.0,1.0
 SG Schorndorf, 10,****,***,2.0,0.0,0.0,1.0,0.0,2.0
 SG Schorndorf, 10,Weber,Ben,11.0,2.0,0.0,4.0,1.0,0.0
 TSV Essingen, 80,Demirtas,Luca,2.0,0.0,0.0,1.0,0.0,3.0
 TSV Essingen, 80,Jaros,Samuel,12.0,0.0,0.0,0.0,4.0,2.0
 TSV Essingen, 80,Mehajer,Jaafar,10.0,2.0,2.0,4.0,0.0,0.0
 TSV Essingen, 80,Mehajer,Zoulfikar,0.0,0.0,0.0,0.0,0.0,0.0
 TSV Essingen, 80,Müller,Peter,2.0,0.0,0.0,1.0,0.0,1.0
 TSV Essingen, 80,Penz,Julian,16.0,10.0,6.0,5.0,0.0,3.0
 TSV Essingen, 80,Rogers,Mitchell Lee,0.0,0.0,0.0,0.0,0.0,0.0
 TSV Essingen, 80,Seyum,Alexander,18.0,6.0,4.0,4.0,2.0,4.0
 TSV Essingen, 80,****,***,12.0,2.0,2.0,2.0,2.0,1.0
 Tb Ruit Deers, 80,Cetin,Samet,0.0,0.0,0.0,0.0,0.0,0.0
 Tb Ruit Deers, 80,Dere,Ibrahim,7.0,1.0,1.0,3.0,0.0,4.0
 Tb Ruit Deers, 80,Gueli,Alessandro,30.0,6.0,3.0,9.0,3.0,4.0
 Tb Ruit Deers, 80,Kumar,Sundeep,5.0,2.0,1.0,2.0,0.0,2.0
 Tb Ruit Deers, 80,Museta,Arian,4.0,4.0,2.0,1.0,0.0,2.0
 Tb Ruit Deers, 80,****,***,14.0,4.0,2.0,6.0,0.0,2.0
 Tb Ruit Deers, 80,Nhunwa Mbianga,Sylvain,1.0,4.0,1.0,0.0,0.0,4.0
 Tb Ruit Deers, 80,Pokoj,Franz,15.0,4.0,1.0,7.0,0.0,2.0
 Tb Ruit Deers, 80,****,***,0.0,0.0,0.0,0.0,0.0,0.0
 Tb Ruit Deers, 80,Stefani,Rainer,0.0,0.0,0.0,0.0,0.0,0.0
 TSV Essingen, 28,Albanus,Julius,19.0,5.0,3.0,8.0,0.0,3.0
 TSV Essingen, 28,Demirtas,Luca,7.0,3.0,3.0,2.0,0.0,1.0
 TSV Essingen, 28,Jaros,Samuel,18.0,2.0,1.0,1.0,5.0,2.0
 TSV Essingen, 28,Mehajer,Jaafar,4.0,4.0,4.0,0.0,0.0,0.0
 TSV Essingen, 28,Mehajer,Zoulfikar,0.0,0.0,0.0,0.0,0.0,0.0
 TSV Essingen, 28,Müller,Peter,10.0,2.0,1.0,0.0,3.0,1.0
 TSV Essingen, 28,Penz,Julian,14.0,11.0,9.0,1.0,1.0,0.0
 TSV Essingen, 28,Seyum,Alexander,2.0,0.0,0.0,1.0,0.0,5.0
 TSV Essingen, 28,Walter,Martin,9.0,4.0,1.0,4.0,0.0,3.0
 TSV Essingen, 28,****,***,4.0,2.0,0.0,2.0,0.0,1.0
 TSV Essingen, 28,Zimmermann,Manfred,0.0,0.0,0.0,0.0,0.0,0.0
 TSB Schwäbisch Gmünd 2, 28,Bonnet,Marc-Aris,2.0,0.0,0.0,1.0,0.0,0.0
 TSB Schwäbisch Gmünd 2, 28,Bulatow,Max,2.0,2.0,0.0,1.0,0.0,2.0
 TSB Schwäbisch Gmünd 2, 28,Gayt,Roman,1.0,2.0,1.0,0.0,0.0,1.0
 TSB Schwäbisch Gmünd 2, 28,Gouziotis,Konstantinos,1.0,4.0,1.0,0.0,0.0,0.0
 TSB Schwäbisch Gmünd 2, 28,Heilig,Jonas,0.0,2.0,0.0,0.0,0.0,5.0
 TSB Schwäbisch Gmünd 2, 28,Hellmann,Micha-Benjamin,9.0,6.0,5.0,2.0,0.0,3.0
 TSB Schwäbisch Gmünd 2, 28,Lehmann,Oliver,0.0,0.0,0.0,0.0,0.0,0.0
 TSB Schwäbisch Gmünd 2, 28,Magkoutas,Konstantinos,4.0,2.0,0.0,2.0,0.0,4.0
 TSB Schwäbisch Gmünd 2, 28,Schwenk,Marvin,6.0,2.0,1.0,1.0,1.0,0.0
 TSB Schwäbisch Gmünd 2, 28,Tumba,Nikita,6.0,4.0,0.0,3.0,0.0,1.0
 TSB Schwäbisch Gmünd 2, 28,Weller,Ben,7.0,4.0,2.0,1.0,1.0,4.0
 SG Schorndorf, 39,Cimino,Kareem,0.0,0.0,0.0,0.0,0.0,2.0
 SG Schorndorf, 39,Gaudio,Joel,0.0,0.0,0.0,0.0,0.0,0.0
 SG Schorndorf, 39,Gerstenhauer,Timo,0.0,0.0,0.0,0.0,0.0,0.0
 SG Schorndorf, 39,Hergül,Koray,4.0,2.0,2.0,1.0,0.0,4.0
 SG Schorndorf, 39,Komlenic,Dusan,5.0,0.0,0.0,1.0,1.0,5.0
 SG Schorndorf, 39,Komlenic,Krstan,15.0,6.0,1.0,4.0,2.0,3.0
 SG Schorndorf, 39,Segrt,Milan,18.0,7.0,2.0,5.0,2.0,5.0
 SG Schorndorf, 39,Ul Haq,Muhammad Ali,0.0,0.0,0.0,0.0,0.0,0.0
 SG Schorndorf, 39,Weber,Ben,5.0,3.0,1.0,2.0,0.0,3.0
 TSV Schmiden 2, 39,Bergert,Sven,7.0,1.0,0.0,2.0,1.0,2.0
 TSV Schmiden 2, 39,Dorst,Oliver,3.0,0.0,0.0,0.0,1.0,3.0
 TSV Schmiden 2, 39,Eckenfelder,Felix,5.0,1.0,1.0,2.0,0.0,1.0
 TSV Schmiden 2, 39,Gühring,Valentino,8.0,5.0,2.0,3.0,0.0,3.0
 TSV Schmiden 2, 39,****,***,1.0,2.0,1.0,0.0,0.0,3.0
 TSV Schmiden 2, 39,Klein,Kelvin,3.0,2.0,1.0,1.0,0.0,5.0
 TSV Schmiden 2, 39,Kunduklija,Almir,4.0,4.0,0.0,2.0,0.0,1.0
 TSV Schmiden 2, 39,Peiker,Marvin,2.0,2.0,0.0,1.0,0.0,0.0
 TSV Schmiden 2, 39,Sörös,Martin,12.0,4.0,1.0,4.0,1.0,4.0
 TSV Schmiden 2, 39,Wente,Eric,0.0,0.0,0.0,0.0,0.0,0.0
 TSV Essingen, 88,Demirtas,Luca,6.0,0.0,0.0,0.0,2.0,3.0
 TSV Essingen, 88,Jaros,Samuel,19.0,6.0,5.0,4.0,2.0,1.0
 TSV Essingen, 88,Müller,Peter,0.0,0.0,0.0,0.0,0.0,0.0
 TSV Essingen, 88,Penz,Julian,12.0,0.0,0.0,6.0,0.0,3.0
 TSV Essingen, 88,Seyum,Alexander,7.0,2.0,1.0,3.0,0.0,3.0
 TSV Essingen, 88,Walter,Martin,3.0,4.0,3.0,0.0,0.0,0.0
 TSV Essingen, 88,****,***,12.0,2.0,1.0,1.0,3.0,0.0
 TSV Essingen, 88,Zimmermann,Manfred,5.0,6.0,3.0,1.0,0.0,1.0
 TSV Schmiden 2, 88,Dorst,Oliver,8.0,0.0,0.0,1.0,2.0,3.0
 TSV Schmiden 2, 88,Gühring,Valentino,11.0,1.0,0.0,1.0,3.0,5.0
 TSV Schmiden 2, 88,Jankovic,Marvin,0.0,0.0,0.0,0.0,0.0,0.0
 TSV Schmiden 2, 88,Kunduklija,Almir,6.0,2.0,2.0,2.0,0.0,2.0
 TSV Schmiden 2, 88,Peiker,Marvin,6.0,0.0,0.0,3.0,0.0,1.0
 TSV Schmiden 2, 88,Sörös,Martin,13.0,2.0,1.0,0.0,4.0,3.0
 TSV Schmiden 2, 88,Weidner,Lorenz,13.0,6.0,3.0,5.0,0.0,2.0
 TSV Schmiden 2, 88,Wente,Eric,0.0,0.0,0.0,0.0,0.0,2.0
 TSV Essingen, 66,Albanus,Julius,8.0,6.0,2.0,3.0,0.0,2.0
 TSV Essingen, 66,Demirtas,Luca,8.0,2.0,2.0,3.0,0.0,4.0
 TSV Essingen, 66,Henne,Stefan,7.0,3.0,1.0,3.0,0.0,2.0
 TSV Essingen, 66,Jaros,Samuel,11.0,4.0,2.0,3.0,1.0,4.0
 TSV Essingen, 66,Mehajer,Jaafar,11.0,2.0,1.0,5.0,0.0,0.0
 TSV Essingen, 66,Mehajer,Zoulfikar,3.0,4.0,0.0,0.0,1.0,4.0
 TSV Essingen, 66,Müller,Peter,0.0,0.0,0.0,0.0,0.0,2.0
 TSV Essingen, 66,Penz,Julian,5.0,4.0,1.0,2.0,0.0,4.0
 TSV Essingen, 66,Rogers,Mitchell Lee,0.0,0.0,0.0,0.0,0.0,0.0
 TSV Essingen, 66,Seyum,Alexander,6.0,4.0,2.0,2.0,0.0,2.0
 TSV Essingen, 66,****,***,10.0,2.0,2.0,1.0,2.0,3.0
 TSV Essingen, 66,Zimmermann,Manfred,3.0,0.0,0.0,0.0,1.0,0.0
 SpVgg Möhringen 2, 66,Blumberg,David,8.0,0.0,0.0,4.0,0.0,4.0
 SpVgg Möhringen 2, 66,Fabian,Jascha,7.0,3.0,3.0,2.0,0.0,2.0
 SpVgg Möhringen 2, 66,Huber,Ari,21.0,12.0,8.0,5.0,1.0,1.0
 SpVgg Möhringen 2, 66,Jetter,Martin,4.0,2.0,2.0,1.0,0.0,2.0
 SpVgg Möhringen 2, 66,Nieuwenhuizen,Florian,1.0,2.0,1.0,0.0,0.0,3.0
 SpVgg Möhringen 2, 66,Pavlovits,Stefan Sasa,0.0,0.0,0.0,0.0,0.0,1.0
 SpVgg Möhringen 2, 66,Roman,Eric,2.0,0.0,0.0,1.0,0.0,2.0
 SpVgg Möhringen 2, 66,Schulz,Wilhelm,2.0,4.0,2.0,0.0,0.0,3.0
 SpVgg Möhringen 2, 66,Wiedemann,Bernd,8.0,0.0,0.0,4.0,0.0,1.0
 SpVgg Möhringen 2, 66,Wrachtrup,Maximilian,2.0,0.0,0.0,1.0,0.0,2.0
 TSV Schmiden 2, 84,Alber,Christoph,7.0,4.0,3.0,2.0,0.0,0.0
 TSV Schmiden 2, 84,Dorst,Oliver,4.0,0.0,0.0,2.0,0.0,1.0
 TSV Schmiden 2, 84,Gühring,Valentino,17.0,4.0,1.0,2.0,4.0,4.0
 TSV Schmiden 2, 84,Kunduklija,Almir,9.0,5.0,1.0,4.0,0.0,1.0
 TSV Schmiden 2, 84,Peiker,Marvin,15.0,7.0,4.0,4.0,1.0,2.0
 TSV Schmiden 2, 84,Sörös,Martin,10.0,10.0,8.0,1.0,0.0,4.0
 TSV Schmiden 2, 84,Weidner,Lorenz,14.0,4.0,2.0,6.0,0.0,2.0
 TSV Schmiden 2, 84,Wente,Eric,2.0,0.0,0.0,1.0,0.0,0.0
 SG Schorndorf, 84,Cimino,Kareem,4.0,6.0,2.0,1.0,0.0,4.0
 SG Schorndorf, 84,Gerstenhauer,Timo,0.0,0.0,0.0,0.0,0.0,0.0
 SG Schorndorf, 84,Hergül,Eray,3.0,0.0,0.0,0.0,1.0,2.0
 SG Schorndorf, 84,Hergül,Koray,0.0,0.0,0.0,0.0,0.0,0.0
 SG Schorndorf, 84,Komlenic,Dusan,2.0,1.0,0.0,1.0,0.0,4.0
 SG Schorndorf, 84,Komlenic,Krstan,12.0,0.0,0.0,0.0,4.0,2.0
 SG Schorndorf, 84,Randisi,Samuele,11.0,0.0,0.0,1.0,3.0,1.0
 SG Schorndorf, 84,****,***,5.0,8.0,3.0,1.0,0.0,1.0
 SG Schorndorf, 84,Segrt,Milan,3.0,6.0,1.0,1.0,0.0,4.0
 SG Schorndorf, 84,Weber,Ben,7.0,0.0,0.0,2.0,1.0,5.0
 Sportvg Feuerbach 3, 46,Berkant,Kurban,1.0,2.0,1.0,0.0,0.0,2.0
 Sportvg Feuerbach 3, 46,Boras,Karlo,2.0,0.0,0.0,1.0,0.0,1.0
 Sportvg Feuerbach 3, 46,Georgiadis,Dimitris,4.0,4.0,1.0,0.0,1.0,2.0
 Sportvg Feuerbach 3, 46,****,***,0.0,0.0,0.0,0.0,0.0,0.0
 Sportvg Feuerbach 3, 46,Hönig,Thomas,2.0,1.0,0.0,1.0,0.0,2.0
 Sportvg Feuerbach 3, 46,Kebede,Musse,10.0,0.0,0.0,2.0,2.0,2.0
 Sportvg Feuerbach 3, 46,Nowak,Alexander,5.0,4.0,1.0,2.0,0.0,3.0
 Sportvg Feuerbach 3, 46,Salar,Sahab,0.0,0.0,0.0,0.0,0.0,0.0
 Sportvg Feuerbach 3, 46,Scharpf,Robert,0.0,0.0,0.0,0.0,0.0,0.0
 Sportvg Feuerbach 3, 46,Schneider,Max,6.0,2.0,0.0,3.0,0.0,4.0
 Sportvg Feuerbach 3, 46,Siddalingappa,Arun,2.0,0.0,0.0,1.0,0.0,2.0
 Sportvg Feuerbach 3, 46,Skrimizeas,Dimitrios,11.0,6.0,3.0,4.0,0.0,3.0
 SpVgg Möhringen 2, 46,Blumberg,David,14.0,3.0,0.0,7.0,0.0,3.0
 SpVgg Möhringen 2, 46,Fabian,Jascha,4.0,1.0,0.0,2.0,0.0,2.0
 SpVgg Möhringen 2, 46,Huber,Ari,14.0,7.0,5.0,3.0,1.0,1.0
 SpVgg Möhringen 2, 46,Jetter,Martin,2.0,0.0,0.0,1.0,0.0,2.0
 SpVgg Möhringen 2, 46,Nieuwenhuizen,Florian,15.0,6.0,3.0,6.0,0.0,0.0
 SpVgg Möhringen 2, 46,Pavlovits,Stefan Sasa,6.0,0.0,0.0,3.0,0.0,1.0
 SpVgg Möhringen 2, 46,Schulz,Wilhelm,0.0,0.0,0.0,0.0,0.0,3.0
 SpVgg Möhringen 2, 46,Toromanovic,Zlatan,6.0,6.0,4.0,1.0,0.0,2.0
 SpVgg Möhringen 2, 46,Wiedemann,Bernd,0.0,0.0,0.0,0.0,0.0,0.0
 SpVgg Möhringen 2, 46,Wrachtrup,Maximilian,6.0,0.0,0.0,0.0,2.0,0.0
 SG Schorndorf, 56,Baykal,Emre,0.0,0.0,0.0,0.0,0.0,1.0
 SG Schorndorf, 56,Baykal,Timur,2.0,0.0,0.0,1.0,0.0,1.0
 SG Schorndorf, 56,Gaudio,Joel,0.0,0.0,0.0,0.0,0.0,1.0
 SG Schorndorf, 56,Gerstenhauer,Timo,0.0,0.0,0.0,0.0,0.0,1.0
 SG Schorndorf, 56,Hergül,Eray,0.0,0.0,0.0,0.0,0.0,0.0
 SG Schorndorf, 56,Hergül,Koray,24.0,9.0,6.0,3.0,4.0,3.0
 SG Schorndorf, 56,Komlenic,Dusan,3.0,0.0,0.0,0.0,1.0,4.0
 SG Schorndorf, 56,Komlenic,Krstan,6.0,0.0,0.0,3.0,0.0,1.0
 SG Schorndorf, 56,Meinlschmidt,Tim,2.0,4.0,2.0,0.0,0.0,1.0
 SG Schorndorf, 56,Randisi,Samuele,0.0,0.0,0.0,0.0,0.0,2.0
 SG Schorndorf, 56,Ul Haq,Muhammad Ali,0.0,0.0,0.0,0.0,0.0,0.0
 SG Schorndorf, 56,Weber,Ben,3.0,0.0,0.0,0.0,1.0,4.0
 SpVgg Möhringen 2, 56,****,***,2.0,2.0,2.0,0.0,0.0,0.0
 SpVgg Möhringen 2, 56,Blumberg,David,11.0,5.0,3.0,4.0,0.0,2.0
 SpVgg Möhringen 2, 56,Dietz,Max,3.0,0.0,0.0,0.0,1.0,2.0
 SpVgg Möhringen 2, 56,Fabian,Jascha,10.0,2.0,0.0,5.0,0.0,1.0
 SpVgg Möhringen 2, 56,Jetter,Martin,2.0,0.0,0.0,1.0,0.0,0.0
 SpVgg Möhringen 2, 56,Nieuwenhuizen,Florian,12.0,4.0,3.0,3.0,1.0,1.0
 SpVgg Möhringen 2, 56,Pavlovits,Stefan Sasa,6.0,4.0,2.0,2.0,0.0,3.0
 SpVgg Möhringen 2, 56,Roman,Eric,3.0,2.0,1.0,1.0,0.0,2.0
 SpVgg Möhringen 2, 56,Toromanovic,Zlatan,19.0,7.0,6.0,5.0,1.0,3.0
 SpVgg Möhringen 2, 56,Wiedemann,Bernd,4.0,0.0,0.0,2.0,0.0,0.0
 Aalener Sportallianz, 60,Altevogt,Daniel,23.0,19.0,13.0,5.0,0.0,4.0
 Aalener Sportallianz, 60,Csatlos,Tibor,0.0,0.0,0.0,0.0,0.0,3.0
 Aalener Sportallianz, 60,Fuchs,Rene,16.0,13.0,6.0,5.0,0.0,0.0
 Aalener Sportallianz, 60,Mystiroudis,Ioannis,6.0,3.0,2.0,2.0,0.0,1.0
 Aalener Sportallianz, 60,Mystiroudis,Thrasyvoulos,3.0,0.0,0.0,0.0,1.0,4.0
 Aalener Sportallianz, 60,Pekka,Emeric,0.0,0.0,0.0,0.0,0.0,1.0
 Aalener Sportallianz, 60,Quoc Anh,Vu,0.0,0.0,0.0,0.0,0.0,1.0
 Aalener Sportallianz, 60,Tchokoyo Nkongho,Crespin Miguel,14.0,0.0,0.0,7.0,0.0,1.0
 Aalener Sportallianz, 60,Weber,Max,2.0,6.0,2.0,0.0,0.0,5.0
 Aalener Sportallianz, 60,Wigel,Alexander,0.0,0.0,0.0,0.0,0.0,3.0
 Tb Ruit Deers, 60,Cetin,Samet,10.0,6.0,5.0,1.0,1.0,4.0
 Tb Ruit Deers, 60,Dere,Ibrahim,17.0,4.0,2.0,3.0,3.0,5.0
 Tb Ruit Deers, 60,Kuti,Goran,5.0,4.0,3.0,1.0,0.0,3.0
 Tb Ruit Deers, 60,Museta,Arian,13.0,3.0,1.0,6.0,0.0,4.0
 Tb Ruit Deers, 60,****,***,20.0,7.0,0.0,10.0,0.0,4.0
 Tb Ruit Deers, 60,Nhunwa Mbianga,Sylvain,3.0,2.0,1.0,1.0,0.0,4.0
 Tb Ruit Deers, 60,Pokoj,Franz,4.0,0.0,0.0,2.0,0.0,4.0
 Tb Ruit Deers, 60,Stefani,Rainer,0.0,0.0,0.0,0.0,0.0,0.0
 Tb Ruit Deers, 60,Zabadal,Patrick,2.0,0.0,0.0,1.0,0.0,4.0
 Tb Ruit Deers, 60,Zivkovic,Borislav,4.0,2.0,0.0,2.0,0.0,2.0
 TSV Essingen, 51,Demirtas,Luca,5.0,2.0,1.0,2.0,0.0,2.0
 TSV Essingen, 51,Henne,Stefan,2.0,4.0,2.0,0.0,0.0,3.0
 TSV Essingen, 51,Jaros,Samuel,10.0,0.0,0.0,2.0,2.0,1.0
 TSV Essingen, 51,Mehajer,Jaafar,18.0,6.0,5.0,2.0,3.0,0.0
 TSV Essingen, 51,Mehajer,Zoulfikar,0.0,0.0,0.0,0.0,0.0,2.0
 TSV Essingen, 51,Müller,Peter,0.0,0.0,0.0,0.0,0.0,0.0
 TSV Essingen, 51,Penz,Julian,6.0,5.0,4.0,1.0,0.0,3.0
 TSV Essingen, 51,Seyum,Alexander,0.0,0.0,0.0,0.0,0.0,3.0
 TSV Essingen, 51,Walter,Martin,3.0,2.0,1.0,1.0,0.0,0.0
 TSV Essingen, 51,****,***,13.0,0.0,0.0,2.0,3.0,0.0
 TSV Essingen, 51,Zimmermann,Manfred,12.0,0.0,0.0,3.0,2.0,1.0
 ASV Aichwald, 51,Bulkurcu,Ertunc,0.0,0.0,0.0,0.0,0.0,0.0
 ASV Aichwald, 51,Freitag,Markus,17.0,9.0,5.0,6.0,0.0,0.0
 ASV Aichwald, 51,Gramm,Moritz,8.0,4.0,2.0,0.0,2.0,2.0
 ASV Aichwald, 51,Prauß,Enniego,2.0,0.0,0.0,1.0,0.0,1.0
 ASV Aichwald, 51,Schwenzow,Tilmann,6.0,2.0,2.0,2.0,0.0,3.0
 ASV Aichwald, 51,von Benthen,Dominik,9.0,4.0,2.0,2.0,1.0,4.0
 ASV Aichwald, 51,Weinschenk,Daniel,11.0,0.0,0.0,4.0,1.0,3.0
 Tb Ruit Deers, 45,Dere,Ibrahim,22.0,5.0,4.0,6.0,2.0,4.0
 Tb Ruit Deers, 45,Gueli,Alessandro,5.0,0.0,0.0,1.0,1.0,0.0
 Tb Ruit Deers, 45,Hasanovic,Adnan,10.0,5.0,4.0,3.0,0.0,1.0
 Tb Ruit Deers, 45,Janovsky,Pascal,16.0,2.0,0.0,8.0,0.0,3.0
 Tb Ruit Deers, 45,Kumar,Sundeep,9.0,0.0,0.0,3.0,1.0,3.0
 Tb Ruit Deers, 45,Nhunwa Mbianga,Sylvain,2.0,0.0,0.0,1.0,0.0,2.0
 Tb Ruit Deers, 45,Pokoj,Franz,7.0,6.0,3.0,2.0,0.0,4.0
 Tb Ruit Deers, 45,Stefani,Rainer,0.0,0.0,0.0,0.0,0.0,0.0
 Tb Ruit Deers, 45,Zabadal,Patrick,14.0,5.0,4.0,2.0,2.0,2.0
 SpVgg Möhringen 2, 45,Blumberg,David,4.0,3.0,0.0,2.0,0.0,3.0
 SpVgg Möhringen 2, 45,Huber,Ari,23.0,10.0,5.0,3.0,4.0,1.0
 SpVgg Möhringen 2, 45,Jetter,Martin,10.0,0.0,0.0,2.0,2.0,4.0
 SpVgg Möhringen 2, 45,Nieuwenhuizen,Florian,24.0,4.0,3.0,9.0,1.0,4.0
 SpVgg Möhringen 2, 45,Pavlovits,Stefan Sasa,6.0,2.0,2.0,2.0,0.0,2.0
 SpVgg Möhringen 2, 45,Roman,Eric,4.0,2.0,0.0,2.0,0.0,3.0
 SpVgg Möhringen 2, 45,Rösch,Oliver,0.0,0.0,0.0,0.0,0.0,0.0
 SpVgg Möhringen 2, 45,Schlottke,Jan,0.0,0.0,0.0,0.0,0.0,3.0
 SpVgg Möhringen 2, 45,Wiedemann,Bernd,8.0,0.0,0.0,4.0,0.0,2.0
 SpVgg Möhringen 2, 45,Wrachtrup,Maximilian,3.0,1.0,1.0,1.0,0.0,1.0
 Sportvg Feuerbach 3, 70,Boras,Karlo,10.0,2.0,2.0,4.0,0.0,0.0
 Sportvg Feuerbach 3, 70,Cvijetic,Andrej-Danis,0.0,0.0,0.0,0.0,0.0,0.0
 Sportvg Feuerbach 3, 70,Georgiadis,Dimitris,4.0,0.0,0.0,2.0,0.0,2.0
 Sportvg Feuerbach 3, 70,Kebede,Musse,6.0,0.0,0.0,3.0,0.0,1.0
 Sportvg Feuerbach 3, 70,Kotromanovic,Marko,0.0,0.0,0.0,0.0,0.0,2.0
 Sportvg Feuerbach 3, 70,Nowak,Alexander,3.0,2.0,1.0,1.0,0.0,2.0
 Sportvg Feuerbach 3, 70,Pelkner,Niklas,7.0,2.0,0.0,2.0,1.0,3.0
 Sportvg Feuerbach 3, 70,Scharpf,Robert,0.0,0.0,0.0,0.0,0.0,0.0
 Sportvg Feuerbach 3, 70,Schneider,Alex,0.0,0.0,0.0,0.0,0.0,0.0
 Sportvg Feuerbach 3, 70,Schneider,Max,0.0,0.0,0.0,0.0,0.0,0.0
 Sportvg Feuerbach 3, 70,Siddalingappa,Arun,8.0,0.0,0.0,4.0,0.0,0.0
 Sportvg Feuerbach 3, 70,Skrimizeas,Dimitrios,2.0,0.0,0.0,1.0,0.0,1.0
 Tb Ruit Deers, 70,Cetin,Samet,6.0,4.0,1.0,1.0,1.0,0.0
 Tb Ruit Deers, 70,Gueli,Alessandro,13.0,0.0,0.0,5.0,1.0,0.0
 Tb Ruit Deers, 70,Hasanovic,Adnan,4.0,0.0,0.0,2.0,0.0,1.0
 Tb Ruit Deers, 70,Kumar,Sundeep,7.0,0.0,0.0,2.0,1.0,4.0
 Tb Ruit Deers, 70,****,***,25.0,2.0,1.0,9.0,2.0,0.0
 Tb Ruit Deers, 70,Nhunwa Mbianga,Sylvain,2.0,0.0,0.0,1.0,0.0,2.0
 Tb Ruit Deers, 70,****,***,2.0,0.0,0.0,1.0,0.0,1.0
 Tb Ruit Deers, 70,Pokoj,Franz,6.0,2.0,0.0,3.0,0.0,2.0
 Tb Ruit Deers, 70,****,***,6.0,1.0,0.0,3.0,0.0,0.0
 Tb Ruit Deers, 70,Siteavu,Mihai,2.0,2.0,0.0,1.0,0.0,0.0
 Tb Ruit Deers, 70,Stefani,Rainer,3.0,0.0,0.0,0.0,1.0,0.0
 TSB Schwäbisch Gmünd 2, 22,Bulatow,Max,6.0,0.0,0.0,0.0,2.0,0.0
 TSB Schwäbisch Gmünd 2, 22,Gouziotis,Konstantinos,2.0,2.0,0.0,1.0,0.0,0.0
 TSB Schwäbisch Gmünd 2, 22,Heilig,Jonas,3.0,4.0,1.0,1.0,0.0,1.0
 TSB Schwäbisch Gmünd 2, 22,Hellmann,Micha-Benjamin,4.0,0.0,0.0,2.0,0.0,2.0
 TSB Schwäbisch Gmünd 2, 22,Ihli,Jermaine,2.0,0.0,0.0,1.0,0.0,2.0
 TSB Schwäbisch Gmünd 2, 22,Lehmann,Oliver,1.0,2.0,1.0,0.0,0.0,0.0
 TSB Schwäbisch Gmünd 2, 22,Magkoutas,Konstantinos,4.0,0.0,0.0,2.0,0.0,1.0
 TSB Schwäbisch Gmünd 2, 22,Schwenk,Marvin,0.0,0.0,0.0,0.0,0.0,0.0
 TSB Schwäbisch Gmünd 2, 22,Stauss,Max,0.0,0.0,0.0,0.0,0.0,0.0
 TSB Schwäbisch Gmünd 2, 22,Tumba,Nikita,11.0,0.0,0.0,4.0,1.0,0.0
 TSB Schwäbisch Gmünd 2, 22,Weller,Ben,15.0,3.0,2.0,5.0,1.0,3.0
 SG Schorndorf, 22,Baykal,Emre,0.0,0.0,0.0,0.0,0.0,1.0
 SG Schorndorf, 22,Bulat,Kaan,3.0,0.0,0.0,0.0,1.0,1.0
 SG Schorndorf, 22,Gaudio,Joel,2.0,0.0,0.0,1.0,0.0,0.0
 SG Schorndorf, 22,Gerstenhauer,Timo,0.0,0.0,0.0,0.0,0.0,2.0
 SG Schorndorf, 22,Hergül,Eray,3.0,0.0,0.0,0.0,1.0,0.0
 SG Schorndorf, 22,Komlenic,Dusan,8.0,0.0,0.0,1.0,2.0,2.0
 SG Schorndorf, 22,Komlenic,Krstan,12.0,0.0,0.0,0.0,4.0,2.0
 SG Schorndorf, 22,Meinlschmidt,Tim,16.0,5.0,4.0,3.0,2.0,0.0
 SG Schorndorf, 22,Randisi,Samuele,2.0,0.0,0.0,1.0,0.0,0.0
 ASV Aichwald, 16,Bulkurcu,Ertunc,0.0,0.0,0.0,0.0,0.0,3.0
 ASV Aichwald, 16,Eichel,Silas,2.0,0.0,0.0,1.0,0.0,0.0
 ASV Aichwald, 16,El-Hourani,Marcel,10.0,0.0,0.0,5.0,0.0,3.0
 ASV Aichwald, 16,Freitag,Markus,4.0,2.0,2.0,1.0,0.0,0.0
 ASV Aichwald, 16,****,***,7.0,3.0,1.0,3.0,0.0,5.0
 ASV Aichwald, 16,Gramm,Moritz,5.0,0.0,0.0,1.0,1.0,3.0
 ASV Aichwald, 16,Pohlers,Michael,7.0,6.0,4.0,0.0,1.0,1.0
 ASV Aichwald, 16,Prauß,Enniego,0.0,0.0,0.0,0.0,0.0,1.0
 ASV Aichwald, 16,Ritter,Thomas,3.0,0.0,0.0,0.0,1.0,0.0
 ASV Aichwald, 16,Schwenzow,Tilmann,6.0,2.0,0.0,3.0,0.0,3.0
 ASV Aichwald, 16,Sticher,Niklas,2.0,0.0,0.0,1.0,0.0,2.0
 ASV Aichwald, 16,von Benthen,Dominik,9.0,4.0,2.0,2.0,1.0,1.0
 Tb Ruit Deers, 16,Cetin,Samet,1.0,2.0,1.0,0.0,0.0,1.0
 Tb Ruit Deers, 16,Dere,Ibrahim,4.0,0.0,0.0,2.0,0.0,3.0
 Tb Ruit Deers, 16,Gueli,Alessandro,29.0,5.0,4.0,8.0,3.0,1.0
 Tb Ruit Deers, 16,Kovacic-Lukic,Kristian,0.0,0.0,0.0,0.0,0.0,1.0
 Tb Ruit Deers, 16,Kuti,Goran,0.0,0.0,0.0,0.0,0.0,3.0
 Tb Ruit Deers, 16,Museta,Arian,11.0,7.0,2.0,3.0,1.0,1.0
 Tb Ruit Deers, 16,****,***,5.0,4.0,1.0,2.0,0.0,1.0
 Tb Ruit Deers, 16,Pokoj,Franz,14.0,3.0,2.0,6.0,0.0,4.0
 Tb Ruit Deers, 16,****,***,0.0,0.0,0.0,0.0,0.0,0.0
 Tb Ruit Deers, 16,Stefani,Rainer,0.0,0.0,0.0,0.0,0.0,0.0
 Tb Ruit Deers, 16,Zabadal,Patrick,0.0,0.0,0.0,0.0,0.0,1.0
 Tb Ruit Deers, 16,Zivkovic,Borislav,4.0,1.0,0.0,2.0,0.0,2.0
 TSV Schmiden 2, 47,Dorst,Oliver,2.0,0.0,0.0,1.0,0.0,2.0
 TSV Schmiden 2, 47,Gühring,Valentino,17.0,7.0,4.0,2.0,3.0,3.0
 TSV Schmiden 2, 47,Ilas,Vasileios,4.0,2.0,0.0,2.0,0.0,1.0
 TSV Schmiden 2, 47,Jankovic,Marvin,15.0,4.0,2.0,5.0,1.0,3.0
 TSV Schmiden 2, 47,****,***,2.0,2.0,0.0,1.0,0.0,2.0
 TSV Schmiden 2, 47,Klein,Kelvin,0.0,0.0,0.0,0.0,0.0,2.0
 TSV Schmiden 2, 47,Lucas,Simon,0.0,0.0,0.0,0.0,0.0,2.0
 TSV Schmiden 2, 47,Sörös,Martin,11.0,4.0,4.0,2.0,1.0,1.0
 TSB Schwäbisch Gmünd 2, 47,Bonnet,Marc-Aris,2.0,0.0,0.0,1.0,0.0,2.0
 TSB Schwäbisch Gmünd 2, 47,Bulatow,Max,5.0,0.0,0.0,1.0,1.0,2.0
 TSB Schwäbisch Gmünd 2, 47,Gouziotis,Konstantinos,3.0,0.0,0.0,0.0,1.0,0.0
 TSB Schwäbisch Gmünd 2, 47,Hellmann,Micha-Benjamin,15.0,4.0,1.0,7.0,0.0,3.0
 TSB Schwäbisch Gmünd 2, 47,Lehmann,Oliver,3.0,4.0,1.0,1.0,0.0,1.0
 TSB Schwäbisch Gmünd 2, 47,Magkoutas,Konstantinos,7.0,1.0,0.0,2.0,1.0,5.0
 TSB Schwäbisch Gmünd 2, 47,Nagel,Noah,3.0,2.0,1.0,1.0,0.0,1.0
 TSB Schwäbisch Gmünd 2, 47,****,***,0.0,0.0,0.0,0.0,0.0,1.0
 TSB Schwäbisch Gmünd 2, 47,Schwenk,Marvin,0.0,0.0,0.0,0.0,0.0,0.0
 TSB Schwäbisch Gmünd 2, 47,Tumba,Nikita,0.0,0.0,0.0,0.0,0.0,0.0
 TSB Schwäbisch Gmünd 2, 47,Weller,Ben,15.0,4.0,4.0,1.0,3.0,0.0
 Aalener Sportallianz, 32,Csatlos,Tibor,10.0,1.0,0.0,2.0,2.0,2.0
 Aalener Sportallianz, 32,Eberlein,Thomas,0.0,0.0,0.0,0.0,0.0,0.0
 Aalener Sportallianz, 32,Isik,Mehmet Berke,8.0,1.0,0.0,1.0,2.0,2.0
 Aalener Sportallianz, 32,Knoblauch,Florian,0.0,0.0,0.0,0.0,0.0,0.0
 Aalener Sportallianz, 32,Mystiroudis,Ioannis,12.0,5.0,4.0,4.0,0.0,0.0
 Aalener Sportallianz, 32,Pekka,Emeric,0.0,0.0,0.0,0.0,0.0,0.0
 Aalener Sportallianz, 32,Quoc Anh,Vu,3.0,3.0,1.0,1.0,0.0,0.0
 Aalener Sportallianz, 32,Spoida,Victor,1.0,4.0,1.0,0.0,0.0,3.0
 Aalener Sportallianz, 32,Tchokoyo Nkongho,Crespin Miguel,7.0,2.0,1.0,3.0,0.0,1.0
 Aalener Sportallianz, 32,Weber,Lukas,0.0,0.0,0.0,0.0,0.0,2.0
 Aalener Sportallianz, 32,Weber,Max,8.0,3.0,2.0,3.0,0.0,1.0
 Aalener Sportallianz, 32,Wigel,Alexander,0.0,0.0,0.0,0.0,0.0,0.0
 ASV Aichwald, 32,Emonds,Felix,2.0,0.0,0.0,1.0,0.0,1.0
 ASV Aichwald, 32,Fix,Alexander,4.0,0.0,0.0,2.0,0.0,1.0
 ASV Aichwald, 32,Freitag,Markus,15.0,2.0,1.0,7.0,0.0,0.0
 ASV Aichwald, 32,****,***,19.0,8.0,6.0,5.0,1.0,3.0
 ASV Aichwald, 32,Gramm,Moritz,4.0,0.0,0.0,2.0,0.0,0.0
 ASV Aichwald, 32,Prauß,Enniego,3.0,0.0,0.0,0.0,1.0,5.0
 ASV Aichwald, 32,Schwenzow,Tilmann,8.0,2.0,1.0,2.0,1.0,3.0
 ASV Aichwald, 32,Sticher,Niklas,0.0,0.0,0.0,0.0,0.0,2.0
 ASV Aichwald, 32,Weinschenk,Daniel,12.0,3.0,2.0,5.0,0.0,2.0
 TSV Schmiden 2, 43,Bergert,Sven,5.0,0.0,0.0,1.0,1.0,1.0
 TSV Schmiden 2, 43,Dorst,Oliver,11.0,0.0,0.0,1.0,3.0,3.0
 TSV Schmiden 2, 43,Gühring,Valentino,17.0,3.0,3.0,1.0,4.0,4.0
 TSV Schmiden 2, 43,Ilas,Vasileios,2.0,0.0,0.0,1.0,0.0,4.0
 TSV Schmiden 2, 43,Jankovic,Marvin,4.0,0.0,0.0,2.0,0.0,0.0
 TSV Schmiden 2, 43,****,***,4.0,0.0,0.0,2.0,0.0,5.0
 TSV Schmiden 2, 43,Klein,Kelvin,5.0,1.0,1.0,2.0,0.0,5.0
 TSV Schmiden 2, 43,Sörös,Martin,13.0,9.0,5.0,4.0,0.0,4.0
 TSV Schmiden 2, 43,Weidner,Lorenz,0.0,0.0,0.0,0.0,0.0,2.0
 TSV Essingen, 43,Albanus,Julius,12.0,11.0,4.0,4.0,0.0,4.0
 TSV Essingen, 43,Demirtas,Luca,0.0,0.0,0.0,0.0,0.0,0.0
 TSV Essingen, 43,Jaros,Samuel,11.0,1.0,0.0,1.0,3.0,2.0
 TSV Essingen, 43,Müller,Peter,4.0,0.0,0.0,2.0,0.0,0.0
 TSV Essingen, 43,Penz,Julian,8.0,5.0,4.0,2.0,0.0,4.0
 TSV Essingen, 43,Seyum,Alexander,6.0,6.0,4.0,1.0,0.0,2.0
 TSV Essingen, 43,Walter,Martin,10.0,3.0,0.0,5.0,0.0,0.0
 TSV Essingen, 43,****,***,18.0,6.0,6.0,0.0,4.0,2.0
 TSV Essingen, 43,Zimmermann,Manfred,0.0,0.0,0.0,0.0,0.0,0.0
 Aalener Sportallianz, 68,Eberlein,Thomas,0.0,0.0,0.0,0.0,0.0,1.0
 Aalener Sportallianz, 68,Isik,Mehmet Berke,0.0,0.0,0.0,0.0,0.0,3.0
 Aalener Sportallianz, 68,Mystiroudis,Ioannis,1.0,2.0,1.0,0.0,0.0,2.0
 Aalener Sportallianz, 68,Mystiroudis,Thrasyvoulos,0.0,0.0,0.0,0.0,0.0,0.0
 Aalener Sportallianz, 68,Pekka,Imre,23.0,0.0,0.0,7.0,3.0,4.0
 Aalener Sportallianz, 68,Quoc Anh,Vu,2.0,0.0,0.0,1.0,0.0,0.0
 Aalener Sportallianz, 68,Saglam,Kaan,4.0,0.0,0.0,2.0,0.0,1.0
 Aalener Sportallianz, 68,Tchokoyo Nkongho,Crespin Miguel,6.0,0.0,0.0,3.0,0.0,3.0
 Aalener Sportallianz, 68,Wang,Warson,5.0,0.0,0.0,1.0,1.0,2.0
 Aalener Sportallianz, 68,Weber,Lukas,0.0,0.0,0.0,0.0,0.0,1.0
 Aalener Sportallianz, 68,Weber,Max,3.0,2.0,1.0,1.0,0.0,2.0
 Aalener Sportallianz, 68,Wigel,Alexander,0.0,0.0,0.0,0.0,0.0,3.0
 TSV Schmiden 2, 68,Alber,Christoph,3.0,6.0,3.0,0.0,0.0,2.0
 TSV Schmiden 2, 68,Bergert,Sven,6.0,3.0,3.0,0.0,1.0,0.0
 TSV Schmiden 2, 68,Bürkle,Rainer,0.0,0.0,0.0,0.0,0.0,1.0
 TSV Schmiden 2, 68,Dorst,Oliver,2.0,0.0,0.0,1.0,0.0,1.0
 TSV Schmiden 2, 68,Eckenfelder,Felix,2.0,0.0,0.0,1.0,0.0,0.0
 TSV Schmiden 2, 68,Gühring,Valentino,8.0,2.0,1.0,2.0,1.0,0.0
 TSV Schmiden 2, 68,Ilas,Vasileios,13.0,0.0,0.0,2.0,3.0,1.0
 TSV Schmiden 2, 68,Jankovic,Marvin,17.0,2.0,2.0,6.0,1.0,3.0
 TSV Schmiden 2, 68,Lucas,Simon,4.0,4.0,0.0,2.0,0.0,3.0
 TSV Schmiden 2, 68,Peiker,Marvin,2.0,4.0,0.0,1.0,0.0,0.0
 TSV Schmiden 2, 68,Sörös,Martin,18.0,1.0,1.0,7.0,1.0,2.0
 TSV Schmiden 2, 8,Bergert,Sven,13.0,0.0,0.0,2.0,3.0,1.0
 TSV Schmiden 2, 8,Bürkle,Rainer,0.0,0.0,0.0,0.0,0.0,0.0
 TSV Schmiden 2, 8,Gühring,Valentino,28.0,3.0,3.0,5.0,5.0,1.0
 TSV Schmiden 2, 8,Jankovic,Marvin,5.0,2.0,1.0,2.0,0.0,2.0
 TSV Schmiden 2, 8,Jaric,Sebastian,2.0,0.0,0.0,1.0,0.0,1.0
 TSV Schmiden 2, 8,Klein,Kelvin,4.0,0.0,0.0,2.0,0.0,3.0
 TSV Schmiden 2, 8,Kunduklija,Almir,12.0,4.0,2.0,5.0,0.0,4.0
 TSV Schmiden 2, 8,Lucas,Simon,2.0,0.0,0.0,1.0,0.0,1.0
 TSV Schmiden 2, 8,Peiker,Marvin,0.0,0.0,0.0,0.0,0.0,1.0
 TSV Schmiden 2, 8,Sörös,Martin,14.0,6.0,4.0,5.0,0.0,3.0
 Tb Ruit Deers, 8,Cetin,Samet,8.0,5.0,5.0,0.0,1.0,4.0
 Tb Ruit Deers, 8,Dere,Ibrahim,11.0,2.0,2.0,0.0,3.0,2.0
 Tb Ruit Deers, 8,Gueli,Alessandro,14.0,1.0,0.0,4.0,2.0,1.0
 Tb Ruit Deers, 8,Hasanovic,Adnan,0.0,0.0,0.0,0.0,0.0,0.0
 Tb Ruit Deers, 8,Kuti,Goran,1.0,2.0,1.0,0.0,0.0,1.0
 Tb Ruit Deers, 8,Museta,Arian,13.0,1.0,0.0,5.0,1.0,3.0
 Tb Ruit Deers, 8,Pokoj,Franz,13.0,7.0,3.0,5.0,0.0,2.0
 Tb Ruit Deers, 8,Toskas,Ioannis,10.0,2.0,1.0,0.0,3.0,0.0
 Tb Ruit Deers, 61,Dere,Ibrahim,18.0,6.0,6.0,3.0,2.0,1.0
 Tb Ruit Deers, 61,Gueli,Alessandro,5.0,0.0,0.0,1.0,1.0,1.0
 Tb Ruit Deers, 61,Hasanovic,Adnan,5.0,3.0,3.0,1.0,0.0,0.0
 Tb Ruit Deers, 61,Janovsky,Pascal,23.0,8.0,4.0,8.0,1.0,3.0
 Tb Ruit Deers, 61,Kumar,Sundeep,7.0,1.0,1.0,3.0,0.0,3.0
 Tb Ruit Deers, 61,Museta,Arian,2.0,0.0,0.0,1.0,0.0,5.0
 Tb Ruit Deers, 61,****,***,4.0,0.0,0.0,2.0,0.0,0.0
 Tb Ruit Deers, 61,Nhunwa Mbianga,Sylvain,2.0,2.0,2.0,0.0,0.0,0.0
 Tb Ruit Deers, 61,Pokoj,Franz,0.0,0.0,0.0,0.0,0.0,2.0
 Tb Ruit Deers, 61,Stefani,Rainer,0.0,0.0,0.0,0.0,0.0,0.0
 Tb Ruit Deers, 61,Zivkovic,Borislav,11.0,0.0,0.0,1.0,3.0,2.0
 ASV Aichwald, 61,Cobisi,Valerio Paolo,21.0,6.0,3.0,9.0,0.0,4.0
 ASV Aichwald, 61,El-Hourani,Marcel,10.0,8.0,6.0,2.0,0.0,0.0
 ASV Aichwald, 61,Gramm,Moritz,11.0,3.0,1.0,5.0,0.0,3.0
 ASV Aichwald, 61,Prauß,Enniego,5.0,0.0,0.0,1.0,1.0,1.0
 ASV Aichwald, 61,Ritter,Thomas,4.0,1.0,0.0,2.0,0.0,2.0
 ASV Aichwald, 61,Schwenzow,Tilmann,13.0,5.0,3.0,5.0,0.0,4.0
 ASV Aichwald, 61,Sticher,Niklas,8.0,0.0,0.0,4.0,0.0,0.0
 ASV Aichwald, 61,Weinschenk,Daniel,7.0,0.0,0.0,2.0,1.0,4.0
 TSV Essingen, 13,Demirtas,Luca,21.0,1.0,0.0,9.0,1.0,1.0
 TSV Essingen, 13,Henne,Stefan,14.0,4.0,0.0,7.0,0.0,2.0
 TSV Essingen, 13,Jaros,Samuel,14.0,0.0,0.0,4.0,2.0,0.0
 TSV Essingen, 13,Mehajer,Jaafar,12.0,2.0,2.0,5.0,0.0,0.0
 TSV Essingen, 13,Müller,Peter,17.0,3.0,2.0,6.0,1.0,1.0
 TSV Essingen, 13,Seyum,Alexander,18.0,0.0,0.0,9.0,0.0,1.0
 TSV Essingen, 13,Walter,Martin,6.0,0.0,0.0,3.0,0.0,0.0
 TSV Essingen, 13,****,***,9.0,4.0,2.0,2.0,1.0,0.0
 TSV Essingen, 13,Zimmermann,Manfred,6.0,1.0,0.0,3.0,0.0,3.0
 Sportvg Feuerbach 3, 13,Berkant,Kurban,3.0,2.0,1.0,1.0,0.0,1.0
 Sportvg Feuerbach 3, 13,Boras,Karlo,2.0,0.0,0.0,1.0,0.0,2.0
 Sportvg Feuerbach 3, 13,Cvijetic,Andrej-Danis,12.0,0.0,0.0,6.0,0.0,1.0
 Sportvg Feuerbach 3, 13,Nowak,Alexander,0.0,0.0,0.0,0.0,0.0,1.0
 Sportvg Feuerbach 3, 13,Pelkner,Niklas,6.0,0.0,0.0,3.0,0.0,2.0
 Sportvg Feuerbach 3, 13,Salar,Sahab,0.0,0.0,0.0,0.0,0.0,2.0
 Sportvg Feuerbach 3, 13,Skrimizeas,Dimitrios,10.0,3.0,2.0,4.0,0.0,3.0
 Aalener Sportallianz, 7,Csatlos,Tibor,3.0,2.0,0.0,0.0,1.0,5.0
 Aalener Sportallianz, 7,Eberlein,Thomas,0.0,0.0,0.0,0.0,0.0,0.0
 Aalener Sportallianz, 7,Isik,Mehmet Berke,3.0,2.0,1.0,1.0,0.0,1.0
 Aalener Sportallianz, 7,****,***,13.0,6.0,1.0,6.0,0.0,5.0
 Aalener Sportallianz, 7,Knoblauch,Florian,0.0,0.0,0.0,0.0,0.0,0.0
 Aalener Sportallianz, 7,Mystiroudis,Ioannis,3.0,0.0,0.0,0.0,1.0,1.0
 Aalener Sportallianz, 7,Pekka,Emeric,11.0,2.0,1.0,2.0,2.0,4.0
 Aalener Sportallianz, 7,Pekka,Imre,0.0,0.0,0.0,0.0,0.0,0.0
 Aalener Sportallianz, 7,Saglam,Kaan,8.0,9.0,1.0,2.0,1.0,3.0
 Aalener Sportallianz, 7,Spoida,Victor,6.0,1.0,0.0,3.0,0.0,3.0
 Aalener Sportallianz, 7,Wang,Warson,8.0,8.0,6.0,1.0,0.0,0.0
 Aalener Sportallianz, 7,Weber,Lukas,0.0,0.0,0.0,0.0,0.0,4.0
 TSB Schwäbisch Gmünd 2, 7,Bonnet,Marc-Aris,2.0,8.0,2.0,0.0,0.0,4.0
 TSB Schwäbisch Gmünd 2, 7,Bulatow,Max,12.0,8.0,5.0,2.0,1.0,4.0
 TSB Schwäbisch Gmünd 2, 7,Gouziotis,Konstantinos,2.0,0.0,0.0,1.0,0.0,1.0
 TSB Schwäbisch Gmünd 2, 7,Hellmann,Micha-Benjamin,11.0,4.0,3.0,4.0,0.0,3.0
 TSB Schwäbisch Gmünd 2, 7,Klause,Joel,0.0,0.0,0.0,0.0,0.0,3.0
 TSB Schwäbisch Gmünd 2, 7,Lehmann,Oliver,0.0,0.0,0.0,0.0,0.0,0.0
 TSB Schwäbisch Gmünd 2, 7,Magkoutas,Konstantinos,14.0,10.0,4.0,5.0,0.0,4.0
 TSB Schwäbisch Gmünd 2, 7,Nickert,Leopold,0.0,0.0,0.0,0.0,0.0,0.0
 TSB Schwäbisch Gmünd 2, 7,****,***,1.0,4.0,1.0,0.0,0.0,1.0
 TSB Schwäbisch Gmünd 2, 7,Weller,Ben,22.0,4.0,4.0,3.0,4.0,4.0
 ASV Aichwald, 57,Cobisi,Valerio Paolo,12.0,5.0,2.0,5.0,0.0,3.0
 ASV Aichwald, 57,El-Hourani,Marcel,6.0,2.0,0.0,3.0,0.0,4.0
 ASV Aichwald, 57,Fix,Alexander,5.0,0.0,0.0,1.0,1.0,2.0
 ASV Aichwald, 57,Freitag,Markus,0.0,0.0,0.0,0.0,0.0,0.0
 ASV Aichwald, 57,****,***,4.0,0.0,0.0,2.0,0.0,4.0
 ASV Aichwald, 57,Ritter,Thomas,3.0,2.0,1.0,1.0,0.0,2.0
 ASV Aichwald, 57,Schwenzow,Tilmann,12.0,4.0,1.0,4.0,1.0,3.0
 ASV Aichwald, 57,Sticher,Niklas,6.0,2.0,0.0,3.0,0.0,0.0
 ASV Aichwald, 57,Weinschenk,Daniel,12.0,3.0,2.0,5.0,0.0,4.0
 TSB Schwäbisch Gmünd 2, 57,Bonnet,Marc-Aris,4.0,4.0,0.0,2.0,0.0,3.0
 TSB Schwäbisch Gmünd 2, 57,Bulatow,Max,0.0,0.0,0.0,0.0,0.0,2.0
 TSB Schwäbisch Gmünd 2, 57,Gouziotis,Konstantinos,5.0,6.0,3.0,1.0,0.0,2.0
 TSB Schwäbisch Gmünd 2, 57,Heilig,Jonas,4.0,7.0,4.0,0.0,0.0,4.0
 TSB Schwäbisch Gmünd 2, 57,Lehmann,Oliver,0.0,0.0,0.0,0.0,0.0,2.0
 TSB Schwäbisch Gmünd 2, 57,Magkoutas,Konstantinos,0.0,0.0,0.0,0.0,0.0,5.0
 TSB Schwäbisch Gmünd 2, 57,Schwenk,Marvin,0.0,0.0,0.0,0.0,0.0,1.0
 TSB Schwäbisch Gmünd 2, 57,Tumba,Nikita,1.0,2.0,1.0,0.0,0.0,0.0
 TSB Schwäbisch Gmünd 2, 57,Weller,Ben,25.0,10.0,6.0,5.0,3.0,2.0
 SpVgg Möhringen 2, 21,****,***,0.0,0.0,0.0,0.0,0.0,0.0
 SpVgg Möhringen 2, 21,Blumberg,David,2.0,0.0,0.0,1.0,0.0,2.0
 SpVgg Möhringen 2, 21,Emili,Paolo,6.0,0.0,0.0,3.0,0.0,1.0
 SpVgg Möhringen 2, 21,Fabian,Jascha,0.0,0.0,0.0,0.0,0.0,0.0
 SpVgg Möhringen 2, 21,Jetter,Martin,8.0,0.0,0.0,1.0,2.0,1.0
 SpVgg Möhringen 2, 21,Nieuwenhuizen,Florian,15.0,8.0,6.0,3.0,1.0,1.0
 SpVgg Möhringen 2, 21,Pavlovits,Stefan Sasa,11.0,7.0,5.0,3.0,0.0,0.0
 SpVgg Möhringen 2, 21,Roman,Eric,0.0,0.0,0.0,0.0,0.0,0.0
 SpVgg Möhringen 2, 21,Wiedemann,Bernd,2.0,0.0,0.0,1.0,0.0,0.0
 SpVgg Möhringen 2, 21,Wrachtrup,Maximilian,4.0,0.0,0.0,2.0,0.0,1.0
 TSV Essingen, 21,Albanus,Julius,13.0,0.0,0.0,5.0,1.0,2.0
 TSV Essingen, 21,Demirtas,Luca,6.0,0.0,0.0,3.0,0.0,1.0
 TSV Essingen, 21,Jaros,Samuel,20.0,0.0,0.0,1.0,6.0,0.0
 TSV Essingen, 21,Mehajer,Jaafar,6.0,0.0,0.0,3.0,0.0,2.0
 TSV Essingen, 21,Mehajer,Zoulfikar,2.0,0.0,0.0,1.0,0.0,1.0
 TSV Essingen, 21,Pavkovic,Igor,0.0,0.0,0.0,0.0,0.0,3.0
 TSV Essingen, 21,Walter,Martin,8.0,6.0,4.0,2.0,0.0,4.0
 TSV Essingen, 21,****,***,14.0,2.0,2.0,0.0,4.0,0.0
 TSV Essingen, 21,Zimmermann,Manfred,3.0,0.0,0.0,0.0,1.0,0.0
 SG Schorndorf, 87,Cimino,Kareem,4.0,3.0,2.0,1.0,0.0,2.0
 SG Schorndorf, 87,Gaudio,Joel,2.0,0.0,0.0,1.0,0.0,0.0
 SG Schorndorf, 87,Gerstenhauer,Timo,2.0,0.0,0.0,1.0,0.0,0.0
 SG Schorndorf, 87,Hergül,Eray,5.0,0.0,0.0,1.0,1.0,1.0
 SG Schorndorf, 87,Hergül,Koray,9.0,0.0,0.0,3.0,1.0,1.0
 SG Schorndorf, 87,Komlenic,Dusan,2.0,0.0,0.0,1.0,0.0,0.0
 SG Schorndorf, 87,Komlenic,Krstan,7.0,0.0,0.0,2.0,1.0,2.0
 SG Schorndorf, 87,Mesic,Duzel,3.0,2.0,1.0,1.0,0.0,0.0
 SG Schorndorf, 87,Randisi,Samuele,10.0,2.0,1.0,3.0,1.0,2.0
 SG Schorndorf, 87,****,***,5.0,2.0,1.0,2.0,0.0,3.0
 SG Schorndorf, 87,Segrt,Milan,7.0,0.0,0.0,2.0,1.0,2.0
 SG Schorndorf, 87,Weber,Ben,15.0,2.0,1.0,7.0,0.0,4.0
 Aalener Sportallianz, 87,Bold,Edgar,3.0,2.0,1.0,1.0,0.0,0.0
 Aalener Sportallianz, 87,Csatlos,Tibor,0.0,0.0,0.0,0.0,0.0,4.0
 Aalener Sportallianz, 87,Eberlein,Thomas,0.0,0.0,0.0,0.0,0.0,0.0
 Aalener Sportallianz, 87,Fuchs,Rene,4.0,2.0,2.0,1.0,0.0,0.0
 Aalener Sportallianz, 87,Mystiroudis,Ioannis,5.0,4.0,1.0,2.0,0.0,0.0
 Aalener Sportallianz, 87,Mystiroudis,Thrasyvoulos,5.0,2.0,0.0,1.0,1.0,1.0
 Aalener Sportallianz, 87,Pekka,Emeric,0.0,0.0,0.0,0.0,0.0,2.0
 Aalener Sportallianz, 87,Pekka,Imre,23.0,2.0,1.0,5.0,4.0,2.0
 Aalener Sportallianz, 87,Tchokoyo Nkongho,Crespin Miguel,5.0,3.0,1.0,2.0,0.0,1.0
 Aalener Sportallianz, 87,Ücüncüoglu,Mertkan,2.0,2.0,0.0,1.0,0.0,0.0
 Aalener Sportallianz, 87,Weber,Max,4.0,1.0,0.0,2.0,0.0,0.0
 Aalener Sportallianz, 87,Wigel,Alexander,0.0,0.0,0.0,0.0,0.0,1.0
 TSV Schmiden 2, 18,Alber,Christoph,2.0,0.0,0.0,1.0,0.0,1.0
 TSV Schmiden 2, 18,Bergert,Sven,12.0,0.0,0.0,3.0,2.0,0.0
 TSV Schmiden 2, 18,Bürkle,Rainer,0.0,0.0,0.0,0.0,0.0,0.0
 TSV Schmiden 2, 18,Dorst,Oliver,6.0,0.0,0.0,0.0,2.0,0.0
 TSV Schmiden 2, 18,Gühring,Valentino,18.0,2.0,1.0,1.0,5.0,2.0
 TSV Schmiden 2, 18,Ilas,Vasileios,2.0,2.0,0.0,1.0,0.0,1.0
 TSV Schmiden 2, 18,Jaric,Sebastian,3.0,0.0,0.0,0.0,1.0,0.0
 TSV Schmiden 2, 18,Klein,Kelvin,3.0,2.0,1.0,1.0,0.0,2.0
 TSV Schmiden 2, 18,Lucas,Simon,0.0,0.0,0.0,0.0,0.0,2.0
 TSV Schmiden 2, 18,Sörös,Martin,6.0,2.0,1.0,1.0,1.0,0.0
 SpVgg Möhringen 2, 18,Blumberg,David,5.0,4.0,1.0,2.0,0.0,2.0
 SpVgg Möhringen 2, 18,Fabian,Jascha,2.0,0.0,0.0,1.0,0.0,0.0
 SpVgg Möhringen 2, 18,Huber,Ari,16.0,1.0,1.0,6.0,1.0,1.0
 SpVgg Möhringen 2, 18,Jetter,Martin,2.0,0.0,0.0,1.0,0.0,1.0
 SpVgg Möhringen 2, 18,Nieuwenhuizen,Florian,3.0,0.0,0.0,0.0,1.0,3.0
 SpVgg Möhringen 2, 18,Roman,Eric,8.0,0.0,0.0,4.0,0.0,2.0
 SpVgg Möhringen 2, 18,Rösch,Oliver,0.0,0.0,0.0,0.0,0.0,0.0
 SpVgg Möhringen 2, 18,Toromanovic,Zlatan,3.0,2.0,1.0,1.0,0.0,4.0
 SpVgg Möhringen 2, 18,Wiedemann,Bernd,1.0,2.0,1.0,0.0,0.0,0.0
 SpVgg Möhringen 2, 18,Wrachtrup,Maximilian,2.0,0.0,0.0,1.0,0.0,0.0
 TSB Schwäbisch Gmünd 2, 12,Bonnet,Marc-Aris,1.0,2.0,1.0,0.0,0.0,4.0
 TSB Schwäbisch Gmünd 2, 12,Bulatow,Max,10.0,2.0,0.0,2.0,2.0,4.0
 TSB Schwäbisch Gmünd 2, 12,Gouziotis,Konstantinos,3.0,1.0,1.0,1.0,0.0,1.0
 TSB Schwäbisch Gmünd 2, 12,Hellmann,Micha-Benjamin,8.0,4.0,0.0,4.0,0.0,3.0
 TSB Schwäbisch Gmünd 2, 12,Lehmann,Oliver,3.0,3.0,1.0,1.0,0.0,3.0
 TSB Schwäbisch Gmünd 2, 12,Magkoutas,Konstantinos,6.0,1.0,0.0,3.0,0.0,4.0
 TSB Schwäbisch Gmünd 2, 12,Nagel,Noah,2.0,2.0,0.0,1.0,0.0,0.0
 TSB Schwäbisch Gmünd 2, 12,****,***,0.0,0.0,0.0,0.0,0.0,0.0
 TSB Schwäbisch Gmünd 2, 12,Schwenk,Marvin,0.0,0.0,0.0,0.0,0.0,0.0
 TSB Schwäbisch Gmünd 2, 12,Tumba,Nikita,6.0,0.0,0.0,3.0,0.0,3.0
 TSB Schwäbisch Gmünd 2, 12,Weller,Ben,14.0,1.0,0.0,4.0,2.0,2.0
 ASV Aichwald, 12,Bulkurcu,Ertunc,3.0,0.0,0.0,0.0,1.0,2.0
 ASV Aichwald, 12,Cobisi,Valerio Paolo,13.0,11.0,5.0,4.0,0.0,1.0
 ASV Aichwald, 12,El-Hourani,Marcel,10.0,1.0,0.0,5.0,0.0,3.0
 ASV Aichwald, 12,Freitag,Markus,11.0,1.0,1.0,5.0,0.0,0.0
 ASV Aichwald, 12,****,***,9.0,2.0,1.0,4.0,0.0,5.0
 ASV Aichwald, 12,Pohlers,Michael,3.0,0.0,0.0,0.0,1.0,3.0
 ASV Aichwald, 12,Prauß,Enniego,1.0,4.0,1.0,0.0,0.0,3.0
 ASV Aichwald, 12,Sticher,Niklas,6.0,3.0,0.0,3.0,0.0,2.0
 ASV Aichwald, 12,von Benthen,Dominik,0.0,0.0,0.0,0.0,0.0,0.0
 Tb Ruit Deers, 15,Dere,Ibrahim,6.0,2.0,2.0,2.0,0.0,2.0
 Tb Ruit Deers, 15,Gueli,Alessandro,26.0,0.0,0.0,10.0,2.0,0.0
 Tb Ruit Deers, 15,Janovsky,Pascal,18.0,4.0,4.0,7.0,0.0,1.0
 Tb Ruit Deers, 15,Kumar,Sundeep,10.0,3.0,0.0,5.0,0.0,3.0
 Tb Ruit Deers, 15,****,***,4.0,0.0,0.0,2.0,0.0,4.0
 Tb Ruit Deers, 15,Pokoj,Franz,8.0,0.0,0.0,4.0,0.0,3.0
 Tb Ruit Deers, 15,Scavuzzo,Santiago,4.0,0.0,0.0,2.0,0.0,3.0
 Tb Ruit Deers, 15,Stefani,Rainer,0.0,0.0,0.0,0.0,0.0,0.0
 Tb Ruit Deers, 15,Zivkovic,Borislav,8.0,0.0,0.0,4.0,0.0,3.0
 Aalener Sportallianz, 15,Csatlos,Tibor,1.0,2.0,1.0,0.0,0.0,0.0
 Aalener Sportallianz, 15,Knoblauch,Florian,2.0,4.0,2.0,0.0,0.0,1.0
 Aalener Sportallianz, 15,Mystiroudis,Ioannis,4.0,4.0,2.0,1.0,0.0,0.0
 Aalener Sportallianz, 15,Mystiroudis,Thrasyvoulos,3.0,0.0,0.0,0.0,1.0,3.0
 Aalener Sportallianz, 15,Pekka,Emeric,2.0,0.0,0.0,1.0,0.0,1.0
 Aalener Sportallianz, 15,Quoc Anh,Vu,3.0,6.0,3.0,0.0,0.0,0.0
 Aalener Sportallianz, 15,Spoida,Victor,2.0,0.0,0.0,1.0,0.0,1.0
 Aalener Sportallianz, 15,Tchokoyo Nkongho,Crespin Miguel,0.0,2.0,0.0,0.0,0.0,0.0
 Aalener Sportallianz, 15,Wang,Warson,30.0,6.0,5.0,8.0,3.0,0.0
 Aalener Sportallianz, 15,Weber,Lukas,0.0,0.0,0.0,0.0,0.0,0.0
 Aalener Sportallianz, 15,Wigel,Alexander,0.0,0.0,0.0,0.0,0.0,0.0
 SG Schorndorf, 4,Baykal,Timur,2.0,0.0,0.0,1.0,0.0,2.0
 SG Schorndorf, 4,Cimino,Kareem,8.0,0.0,0.0,4.0,0.0,3.0
 SG Schorndorf, 4,Gaudio,Joel,0.0,0.0,0.0,0.0,0.0,0.0
 SG Schorndorf, 4,Gerstenhauer,Timo,0.0,0.0,0.0,0.0,0.0,0.0
 SG Schorndorf, 4,Hergül,Eray,2.0,0.0,0.0,1.0,0.0,0.0
 SG Schorndorf, 4,Hergül,Koray,3.0,6.0,3.0,0.0,0.0,3.0
 SG Schorndorf, 4,Komlenic,Dusan,11.0,5.0,3.0,1.0,2.0,5.0
 SG Schorndorf, 4,Komlenic,Krstan,6.0,0.0,0.0,3.0,0.0,5.0
 SG Schorndorf, 4,Meinlschmidt,Tim,10.0,3.0,2.0,4.0,0.0,3.0
 SG Schorndorf, 4,****,***,2.0,0.0,0.0,1.0,0.0,0.0
 SG Schorndorf, 4,Weber,Ben,8.0,2.0,1.0,2.0,1.0,3.0
 ASV Aichwald, 4,Bulkurcu,Ertunc,8.0,2.0,1.0,2.0,1.0,2.0
 ASV Aichwald, 4,Cobisi,Valerio Paolo,11.0,8.0,7.0,2.0,0.0,2.0
 ASV Aichwald, 4,El-Hourani,Marcel,0.0,2.0,0.0,0.0,0.0,2.0
 ASV Aichwald, 4,Freitag,Markus,9.0,4.0,3.0,3.0,0.0,5.0
 ASV Aichwald, 4,Pohlers,Michael,5.0,0.0,0.0,1.0,1.0,4.0
 ASV Aichwald, 4,Ritter,Thomas,2.0,2.0,2.0,0.0,0.0,0.0
 ASV Aichwald, 4,Schwenzow,Tilmann,11.0,4.0,3.0,4.0,0.0,2.0
 ASV Aichwald, 4,Sticher,Niklas,3.0,2.0,1.0,1.0,0.0,1.0
 ASV Aichwald, 4,von Benthen,Dominik,9.0,4.0,3.0,3.0,0.0,3.0
 Tb Ruit Deers, 35,Cetin,Samet,2.0,0.0,0.0,1.0,0.0,0.0
 Tb Ruit Deers, 35,Dere,Ibrahim,2.0,0.0,0.0,1.0,0.0,3.0
 Tb Ruit Deers, 35,Gueli,Alessandro,25.0,0.0,0.0,8.0,3.0,4.0
 Tb Ruit Deers, 35,Hasanovic,Adnan,7.0,2.0,1.0,3.0,0.0,2.0
 Tb Ruit Deers, 35,Kuti,Goran,2.0,0.0,0.0,1.0,0.0,2.0
 Tb Ruit Deers, 35,Museta,Arian,7.0,2.0,1.0,3.0,0.0,0.0
 Tb Ruit Deers, 35,Pokoj,Franz,3.0,5.0,1.0,1.0,0.0,1.0
 Tb Ruit Deers, 35,Stefani,Rainer,0.0,0.0,0.0,0.0,0.0,0.0
 Tb Ruit Deers, 35,Toskas,Ioannis,2.0,2.0,2.0,0.0,0.0,0.0
 Tb Ruit Deers, 35,Zabadal,Patrick,6.0,0.0,0.0,0.0,2.0,3.0
 Tb Ruit Deers, 35,Zivkovic,Borislav,5.0,2.0,2.0,0.0,1.0,1.0
 TSV Essingen, 35,Albanus,Julius,13.0,2.0,2.0,4.0,1.0,1.0
 TSV Essingen, 35,Demirtas,Luca,3.0,1.0,1.0,1.0,0.0,2.0
 TSV Essingen, 35,Jaros,Samuel,11.0,0.0,0.0,1.0,3.0,1.0
 TSV Essingen, 35,Mehajer,Jaafar,10.0,2.0,2.0,4.0,0.0,2.0
 TSV Essingen, 35,Müller,Peter,0.0,0.0,0.0,0.0,0.0,1.0
 TSV Essingen, 35,Penz,Julian,1.0,3.0,1.0,0.0,0.0,3.0
 TSV Essingen, 35,Seyum,Alexander,10.0,4.0,2.0,4.0,0.0,0.0
 TSV Essingen, 35,Walter,Martin,12.0,8.0,5.0,2.0,1.0,1.0
 TSV Essingen, 35,****,***,3.0,0.0,0.0,0.0,1.0,2.0
 TSV Essingen, 35,Zimmermann,Manfred,5.0,0.0,0.0,1.0,1.0,0.0
 Aalener Sportallianz, 27,Csatlos,Tibor,3.0,0.0,0.0,0.0,1.0,3.0
 Aalener Sportallianz, 27,Isik,Mehmet Berke,3.0,0.0,0.0,0.0,1.0,4.0
 Aalener Sportallianz, 27,Mystiroudis,Ioannis,7.0,3.0,2.0,1.0,1.0,1.0
 Aalener Sportallianz, 27,Pekka,Emeric,0.0,0.0,0.0,0.0,0.0,2.0
 Aalener Sportallianz, 27,Pekka,Imre,27.0,6.0,4.0,1.0,7.0,1.0
 Aalener Sportallianz, 27,Saglam,Kaan,14.0,6.0,3.0,4.0,1.0,1.0
 Aalener Sportallianz, 27,Tchokoyo Nkongho,Crespin Miguel,4.0,3.0,0.0,2.0,0.0,1.0
 Aalener Sportallianz, 27,Wang,Warson,21.0,10.0,5.0,5.0,2.0,0.0
 Aalener Sportallianz, 27,Weber,Lukas,3.0,2.0,1.0,1.0,0.0,4.0
 Aalener Sportallianz, 27,Wigel,Alexander,0.0,0.0,0.0,0.0,0.0,0.0
 SpVgg Möhringen 2, 27,Blumberg,David,14.0,13.0,6.0,4.0,0.0,3.0
 SpVgg Möhringen 2, 27,Fabian,Jascha,6.0,0.0,0.0,3.0,0.0,3.0
 SpVgg Möhringen 2, 27,Huber,Ari,26.0,7.0,4.0,8.0,2.0,5.0
 SpVgg Möhringen 2, 27,Jetter,Martin,5.0,2.0,2.0,0.0,1.0,0.0
 SpVgg Möhringen 2, 27,Pavlovits,Stefan Sasa,17.0,2.0,1.0,5.0,2.0,3.0
 SpVgg Möhringen 2, 27,Roman,Eric,2.0,0.0,0.0,1.0,0.0,3.0
 SpVgg Möhringen 2, 27,Rösch,Oliver,0.0,0.0,0.0,0.0,0.0,2.0
 SpVgg Möhringen 2, 27,Schlottke,Jan,2.0,0.0,0.0,1.0,0.0,1.0
 SpVgg Möhringen 2, 27,Schulz,Wilhelm,2.0,2.0,2.0,0.0,0.0,2.0
 SpVgg Möhringen 2, 27,Wiedemann,Bernd,2.0,0.0,0.0,1.0,0.0,1.0
 SpVgg Möhringen 2, 27,Wrachtrup,Maximilian,0.0,0.0,0.0,0.0,0.0,2.0
 TSV Schmiden 2, 23,Bergert,Sven,3.0,0.0,0.0,0.0,1.0,1.0
 TSV Schmiden 2, 23,Eckenfelder,Felix,0.0,0.0,0.0,0.0,0.0,0.0
 TSV Schmiden 2, 23,Gühring,Valentino,26.0,0.0,0.0,4.0,6.0,3.0
 TSV Schmiden 2, 23,Ilas,Vasileios,5.0,2.0,2.0,0.0,1.0,1.0
 TSV Schmiden 2, 23,Jankovic,Marvin,13.0,2.0,1.0,6.0,0.0,4.0
 TSV Schmiden 2, 23,Klein,Kelvin,0.0,0.0,0.0,0.0,0.0,3.0
 TSV Schmiden 2, 23,Lucas,Simon,6.0,0.0,0.0,3.0,0.0,1.0
 TSV Schmiden 2, 23,Sörös,Martin,12.0,4.0,2.0,5.0,0.0,1.0
 Aalener Sportallianz, 23,Eberlein,Thomas,0.0,0.0,0.0,0.0,0.0,2.0
 Aalener Sportallianz, 23,Fuchs,Rene,6.0,2.0,2.0,2.0,0.0,2.0
 Aalener Sportallianz, 23,Isik,Mehmet Berke,7.0,0.0,0.0,2.0,1.0,1.0
 Aalener Sportallianz, 23,Mystiroudis,Ioannis,22.0,4.0,4.0,6.0,2.0,0.0
 Aalener Sportallianz, 23,Mystiroudis,Thrasyvoulos,0.0,0.0,0.0,0.0,0.0,4.0
 Aalener Sportallianz, 23,Pekka,Emeric,2.0,0.0,0.0,1.0,0.0,1.0
 Aalener Sportallianz, 23,Weber,Max,15.0,5.0,2.0,5.0,1.0,2.0
 ASV Aichwald, 6,Bulkurcu,Ertunc,3.0,0.0,0.0,0.0,1.0,1.0
 ASV Aichwald, 6,Cobisi,Valerio Paolo,16.0,0.0,0.0,8.0,0.0,4.0
 ASV Aichwald, 6,Ettling,Knut,8.0,0.0,0.0,4.0,0.0,2.0
 ASV Aichwald, 6,Freitag,Markus,19.0,9.0,7.0,6.0,0.0,2.0
 ASV Aichwald, 6,****,***,4.0,2.0,2.0,1.0,0.0,1.0
 ASV Aichwald, 6,Sticher,Niklas,5.0,2.0,2.0,0.0,1.0,1.0
 ASV Aichwald, 6,Weinschenk,Daniel,9.0,5.0,2.0,2.0,1.0,2.0
 TSV Essingen, 6,Albanus,Julius,8.0,2.0,0.0,4.0,0.0,3.0
 TSV Essingen, 6,Demirtas,Luca,5.0,0.0,0.0,1.0,1.0,4.0
 TSV Essingen, 6,Jaros,Samuel,16.0,2.0,2.0,7.0,0.0,1.0
 TSV Essingen, 6,Mehajer,Jaafar,12.0,0.0,0.0,6.0,0.0,1.0
 TSV Essingen, 6,Müller,Peter,10.0,0.0,0.0,2.0,2.0,3.0
 TSV Essingen, 6,Rogers,Mitchell Lee,3.0,0.0,0.0,0.0,1.0,1.0
 TSV Essingen, 6,Seyum,Alexander,5.0,4.0,1.0,2.0,0.0,5.0
 TSV Essingen, 6,Walter,Martin,0.0,0.0,0.0,0.0,0.0,0.0
 TSV Essingen, 6,****,***,3.0,2.0,1.0,1.0,0.0,1.0
 TSV Essingen, 6,Zimmermann,Manfred,11.0,2.0,1.0,2.0,2.0,1.0
 TSV Essingen, 3,Albanus,Julius,7.0,2.0,1.0,3.0,0.0,1.0
 TSV Essingen, 3,Demirtas,Luca,12.0,1.0,0.0,3.0,2.0,1.0
 TSV Essingen, 3,Henne,Stefan,3.0,0.0,0.0,0.0,1.0,2.0
 TSV Essingen, 3,Jaros,Samuel,12.0,0.0,0.0,0.0,4.0,1.0
 TSV Essingen, 3,Mehajer,Jaafar,24.0,8.0,3.0,6.0,3.0,0.0
 TSV Essingen, 3,Müller,Peter,6.0,2.0,2.0,2.0,0.0,1.0
 TSV Essingen, 3,Penz,Julian,14.0,8.0,5.0,3.0,1.0,3.0
 TSV Essingen, 3,Seyum,Alexander,10.0,2.0,2.0,4.0,0.0,3.0
 TSV Essingen, 3,****,***,6.0,0.0,0.0,0.0,2.0,2.0
 TSV Essingen, 3,Zimmermann,Manfred,10.0,1.0,1.0,3.0,1.0,1.0
 Aalener Sportallianz, 3,Csatlos,Tibor,10.0,6.0,2.0,4.0,0.0,4.0
 Aalener Sportallianz, 3,Isik,Mehmet Berke,4.0,2.0,0.0,2.0,0.0,3.0
 Aalener Sportallianz, 3,Mystiroudis,Ioannis,11.0,0.0,0.0,4.0,1.0,0.0
 Aalener Sportallianz, 3,Mystiroudis,Thrasyvoulos,0.0,0.0,0.0,0.0,0.0,2.0
 Aalener Sportallianz, 3,Pekka,Emeric,2.0,0.0,0.0,1.0,0.0,1.0
 Aalener Sportallianz, 3,Seydelmann,Matthias,0.0,2.0,0.0,0.0,0.0,3.0
 Aalener Sportallianz, 3,Weber,Lukas,4.0,2.0,0.0,2.0,0.0,2.0
 Aalener Sportallianz, 3,Weber,Max,3.0,5.0,1.0,1.0,0.0,3.0
 Aalener Sportallianz, 3,Wigel,Alexander,2.0,0.0,0.0,1.0,0.0,0.0
 Aalener Sportallianz, 42,Csatlos,Tibor,10.0,1.0,0.0,2.0,2.0,1.0
 Aalener Sportallianz, 42,Fuchs,Rene,9.0,4.0,4.0,1.0,1.0,2.0
 Aalener Sportallianz, 42,Isik,Mehmet Berke,10.0,0.0,0.0,2.0,2.0,0.0
 Aalener Sportallianz, 42,Mystiroudis,Ioannis,10.0,3.0,2.0,4.0,0.0,2.0
 Aalener Sportallianz, 42,Mystiroudis,Thrasyvoulos,0.0,0.0,0.0,0.0,0.0,0.0
 Aalener Sportallianz, 42,Pekka,Imre,18.0,4.0,1.0,4.0,3.0,0.0
 Aalener Sportallianz, 42,Quoc Anh,Vu,0.0,0.0,0.0,0.0,0.0,0.0
 Aalener Sportallianz, 42,Saglam,Kaan,7.0,2.0,1.0,3.0,0.0,4.0
 Aalener Sportallianz, 42,Spoida,Victor,4.0,0.0,0.0,2.0,0.0,0.0
 Aalener Sportallianz, 42,Tchokoyo Nkongho,Crespin Miguel,2.0,0.0,0.0,1.0,0.0,1.0
 Aalener Sportallianz, 42,Weber,Lukas,2.0,1.0,0.0,1.0,0.0,2.0
 Aalener Sportallianz, 42,Weber,Max,2.0,0.0,0.0,1.0,0.0,3.0
 SG Schorndorf, 42,Baykal,Emre,3.0,0.0,0.0,0.0,1.0,0.0
 SG Schorndorf, 42,Baykal,Timur,4.0,2.0,2.0,1.0,0.0,3.0
 SG Schorndorf, 42,Bulat,Kaan,0.0,0.0,0.0,0.0,0.0,0.0
 SG Schorndorf, 42,Gerstenhauer,Timo,0.0,0.0,0.0,0.0,0.0,0.0
 SG Schorndorf, 42,Hergül,Eray,0.0,0.0,0.0,0.0,0.0,0.0
 SG Schorndorf, 42,Hergül,Koray,8.0,2.0,2.0,0.0,2.0,1.0
 SG Schorndorf, 42,Komlenic,Dusan,9.0,0.0,0.0,0.0,3.0,5.0
 SG Schorndorf, 42,Komlenic,Krstan,17.0,0.0,0.0,1.0,5.0,1.0
 SG Schorndorf, 42,Meinlschmidt,Tim,3.0,2.0,1.0,1.0,0.0,1.0
 SG Schorndorf, 42,Randisi,Samuele,0.0,0.0,0.0,0.0,0.0,1.0
 SG Schorndorf, 42,Weber,Ben,22.0,3.0,1.0,6.0,3.0,5.0
 SG Schorndorf, 67,Bulat,Kaan,0.0,0.0,0.0,0.0,0.0,0.0
 SG Schorndorf, 67,Cimino,Kareem,6.0,2.0,0.0,3.0,0.0,1.0
 SG Schorndorf, 67,Gerstenhauer,Timo,0.0,0.0,0.0,0.0,0.0,0.0
 SG Schorndorf, 67,Hergül,Eray,0.0,0.0,0.0,0.0,0.0,0.0
 SG Schorndorf, 67,Hergül,Koray,7.0,6.0,2.0,1.0,1.0,1.0
 SG Schorndorf, 67,Komlenic,Dusan,12.0,6.0,4.0,1.0,2.0,2.0
 SG Schorndorf, 67,Komlenic,Krstan,13.0,5.0,3.0,2.0,2.0,1.0
 SG Schorndorf, 67,Mesic,Duzel,0.0,0.0,0.0,0.0,0.0,0.0
 SG Schorndorf, 67,Randisi,Samuele,1.0,2.0,1.0,0.0,0.0,3.0
 SG Schorndorf, 67,Ul Haq,Muhammad Ali,0.0,0.0,0.0,0.0,0.0,0.0
 SG Schorndorf, 67,Weber,Ben,12.0,4.0,2.0,5.0,0.0,1.0
 TSB Schwäbisch Gmünd 2, 67,Bonnet,Marc-Aris,1.0,2.0,1.0,0.0,0.0,1.0
 TSB Schwäbisch Gmünd 2, 67,Bulatow,Max,9.0,0.0,0.0,0.0,3.0,3.0
 TSB Schwäbisch Gmünd 2, 67,****,***,4.0,0.0,0.0,2.0,0.0,3.0
 TSB Schwäbisch Gmünd 2, 67,Gouziotis,Konstantinos,0.0,0.0,0.0,0.0,0.0,0.0
 TSB Schwäbisch Gmünd 2, 67,Heilig,Jonas,0.0,0.0,0.0,0.0,0.0,1.0
 TSB Schwäbisch Gmünd 2, 67,Hellmann,Micha-Benjamin,8.0,2.0,2.0,3.0,0.0,2.0
 TSB Schwäbisch Gmünd 2, 67,Magkoutas,Konstantinos,4.0,4.0,2.0,1.0,0.0,3.0
 TSB Schwäbisch Gmünd 2, 67,Rommel,David,9.0,2.0,0.0,0.0,3.0,2.0
 TSB Schwäbisch Gmünd 2, 67,Schwenk,Marvin,3.0,0.0,0.0,0.0,1.0,1.0
 TSB Schwäbisch Gmünd 2, 67,Senge,Leon,0.0,0.0,0.0,0.0,0.0,0.0
 TSB Schwäbisch Gmünd 2, 67,Weller,Ben,8.0,2.0,2.0,0.0,2.0,5.0
 TSB Schwäbisch Gmünd 2, 2,Bulatow,Max,0.0,0.0,0.0,0.0,0.0,2.0
 TSB Schwäbisch Gmünd 2, 2,Gouziotis,Konstantinos,3.0,0.0,0.0,0.0,1.0,2.0
 TSB Schwäbisch Gmünd 2, 2,Hellmann,Micha-Benjamin,11.0,2.0,1.0,5.0,0.0,2.0
 TSB Schwäbisch Gmünd 2, 2,Ihli,Jermaine,10.0,0.0,0.0,5.0,0.0,3.0
 TSB Schwäbisch Gmünd 2, 2,Klause,Joel,0.0,0.0,0.0,0.0,0.0,1.0
 TSB Schwäbisch Gmünd 2, 2,Lehmann,Oliver,4.0,0.0,0.0,2.0,0.0,0.0
 TSB Schwäbisch Gmünd 2, 2,Magkoutas,Konstantinos,2.0,2.0,0.0,1.0,0.0,1.0
 TSB Schwäbisch Gmünd 2, 2,Nickert,Leopold,0.0,0.0,0.0,0.0,0.0,0.0
 TSB Schwäbisch Gmünd 2, 2,****,***,2.0,0.0,0.0,1.0,0.0,1.0
 TSB Schwäbisch Gmünd 2, 2,Schwenk,Marvin,0.0,0.0,0.0,0.0,0.0,0.0
 TSB Schwäbisch Gmünd 2, 2,Shaqiri,Levin,2.0,0.0,0.0,1.0,0.0,2.0
 TSB Schwäbisch Gmünd 2, 2,Weller,Ben,11.0,0.0,0.0,1.0,3.0,2.0
 TSV Schmiden 2, 2,Alber,Christoph,2.0,2.0,0.0,1.0,0.0,1.0
 TSV Schmiden 2, 2,Bürkle,Rainer,0.0,0.0,0.0,0.0,0.0,1.0
 TSV Schmiden 2, 2,Dorst,Oliver,5.0,2.0,0.0,1.0,1.0,1.0
 TSV Schmiden 2, 2,Gühring,Valentino,19.0,3.0,1.0,3.0,4.0,0.0
 TSV Schmiden 2, 2,Jaric,Sebastian,6.0,5.0,2.0,2.0,0.0,0.0
 TSV Schmiden 2, 2,Klein,Kelvin,0.0,0.0,0.0,0.0,0.0,1.0
 TSV Schmiden 2, 2,Kunduklija,Almir,1.0,2.0,1.0,0.0,0.0,1.0
 TSV Schmiden 2, 2,Lucas,Simon,0.0,0.0,0.0,0.0,0.0,0.0
 TSV Schmiden 2, 2,Peiker,Marvin,11.0,1.0,1.0,5.0,0.0,1.0
 TSV Schmiden 2, 2,Sörös,Martin,20.0,7.0,3.0,7.0,1.0,1.0
 Sportvg Feuerbach 3, 58,Boras,Karlo,5.0,2.0,1.0,2.0,0.0,2.0
 Sportvg Feuerbach 3, 58,Cvijetic,Andrej-Danis,2.0,0.0,0.0,1.0,0.0,1.0
 Sportvg Feuerbach 3, 58,Fischer,Jerome Franklin,10.0,1.0,0.0,5.0,0.0,4.0
 Sportvg Feuerbach 3, 58,Georgiadis,Dimitris,0.0,4.0,0.0,0.0,0.0,1.0
 Sportvg Feuerbach 3, 58,Hönig,Thomas,8.0,0.0,0.0,4.0,0.0,1.0
 Sportvg Feuerbach 3, 58,Kebede,Musse,8.0,5.0,2.0,3.0,0.0,2.0
 Sportvg Feuerbach 3, 58,Kotromanovic,Marko,0.0,0.0,0.0,0.0,0.0,2.0
 Sportvg Feuerbach 3, 58,Nowak,Alexander,0.0,0.0,0.0,0.0,0.0,1.0
 Sportvg Feuerbach 3, 58,Salar,Sahab,0.0,0.0,0.0,0.0,0.0,0.0
 Sportvg Feuerbach 3, 58,Scharpf,Robert,0.0,0.0,0.0,0.0,0.0,2.0
 Sportvg Feuerbach 3, 58,Schneider,Max,12.0,0.0,0.0,6.0,0.0,4.0
 Sportvg Feuerbach 3, 58,Siddalingappa,Arun,2.0,0.0,0.0,1.0,0.0,3.0
 TSV Essingen, 58,Albanus,Julius,20.0,9.0,6.0,7.0,0.0,4.0
 TSV Essingen, 58,Demirtas,Luca,17.0,2.0,1.0,5.0,2.0,3.0
 TSV Essingen, 58,Mehajer,Jaafar,18.0,5.0,5.0,5.0,1.0,0.0
 TSV Essingen, 58,Müller,Peter,6.0,0.0,0.0,3.0,0.0,1.0
 TSV Essingen, 58,Penz,Julian,13.0,6.0,3.0,5.0,0.0,3.0
 TSV Essingen, 58,Seyum,Alexander,13.0,4.0,3.0,5.0,0.0,2.0
 TSV Essingen, 58,****,***,8.0,0.0,0.0,1.0,2.0,3.0
 TSV Essingen, 58,Zimmermann,Manfred,10.0,6.0,4.0,3.0,0.0,2.0
 ASV Aichwald, 49,Cobisi,Valerio Paolo,12.0,3.0,0.0,6.0,0.0,5.0
 ASV Aichwald, 49,El-Hourani,Marcel,3.0,2.0,1.0,1.0,0.0,3.0
 ASV Aichwald, 49,Emonds,Felix,0.0,0.0,0.0,0.0,0.0,1.0
 ASV Aichwald, 49,Fix,Alexander,16.0,2.0,1.0,3.0,3.0,3.0
 ASV Aichwald, 49,Freitag,Markus,0.0,0.0,0.0,0.0,0.0,0.0
 ASV Aichwald, 49,****,***,0.0,0.0,0.0,0.0,0.0,0.0
 ASV Aichwald, 49,Ritter,Thomas,5.0,0.0,0.0,1.0,1.0,4.0
 ASV Aichwald, 49,Schwenzow,Tilmann,9.0,8.0,5.0,2.0,0.0,3.0
 ASV Aichwald, 49,Sticher,Niklas,11.0,2.0,1.0,5.0,0.0,0.0
 ASV Aichwald, 49,Weinschenk,Daniel,13.0,2.0,2.0,4.0,1.0,1.0
 SG Schorndorf, 49,Baykal,Timur,3.0,2.0,1.0,1.0,0.0,0.0
 SG Schorndorf, 49,Bulat,Kaan,20.0,1.0,0.0,10.0,0.0,3.0
 SG Schorndorf, 49,Gerstenhauer,Timo,0.0,0.0,0.0,0.0,0.0,1.0
 SG Schorndorf, 49,Hergül,Eray,10.0,4.0,3.0,2.0,1.0,1.0
 SG Schorndorf, 49,Hergül,Koray,4.0,3.0,1.0,0.0,1.0,3.0
 SG Schorndorf, 49,Komlenic,Dusan,0.0,0.0,0.0,0.0,0.0,5.0
 SG Schorndorf, 49,Komlenic,Krstan,21.0,2.0,1.0,1.0,6.0,4.0
 SG Schorndorf, 49,Weber,Ben,0.0,0.0,0.0,0.0,0.0,2.0
 SG Schorndorf, 55,Baykal,Timur,16.0,6.0,3.0,2.0,3.0,2.0
 SG Schorndorf, 55,Bulat,Kaan,3.0,0.0,0.0,0.0,1.0,1.0
 SG Schorndorf, 55,Gaudio,Joel,0.0,0.0,0.0,0.0,0.0,0.0
 SG Schorndorf, 55,Gerstenhauer,Timo,0.0,0.0,0.0,0.0,0.0,0.0
 SG Schorndorf, 55,Hergül,Eray,6.0,1.0,0.0,3.0,0.0,2.0
 SG Schorndorf, 55,Hergül,Koray,3.0,3.0,3.0,0.0,0.0,2.0
 SG Schorndorf, 55,Komlenic,Dusan,9.0,2.0,1.0,4.0,0.0,2.0
 SG Schorndorf, 55,Komlenic,Krstan,11.0,2.0,1.0,2.0,2.0,3.0
 SG Schorndorf, 55,Meinlschmidt,Tim,7.0,2.0,1.0,3.0,0.0,0.0
 SG Schorndorf, 55,Randisi,Samuele,9.0,3.0,1.0,4.0,0.0,0.0
 SG Schorndorf, 55,Weber,Ben,15.0,0.0,0.0,3.0,3.0,5.0
 Sportvg Feuerbach 3, 55,Boras,Karlo,0.0,0.0,0.0,0.0,0.0,0.0
 Sportvg Feuerbach 3, 55,Cvijetic,Andrej-Danis,4.0,0.0,0.0,2.0,0.0,2.0
 Sportvg Feuerbach 3, 55,Fischer,Jerome Franklin,13.0,11.0,5.0,4.0,0.0,2.0
 Sportvg Feuerbach 3, 55,****,***,0.0,0.0,0.0,0.0,0.0,0.0
 Sportvg Feuerbach 3, 55,Hönig,Thomas,4.0,0.0,0.0,2.0,0.0,1.0
 Sportvg Feuerbach 3, 55,Kebede,Musse,21.0,1.0,0.0,6.0,3.0,2.0
 Sportvg Feuerbach 3, 55,Nowak,Alexander,6.0,0.0,0.0,3.0,0.0,2.0
 Sportvg Feuerbach 3, 55,Pelkner,Niklas,0.0,0.0,0.0,0.0,0.0,1.0
 Sportvg Feuerbach 3, 55,Schneider,Alex,0.0,0.0,0.0,0.0,0.0,0.0
 Sportvg Feuerbach 3, 55,Schneider,Max,16.0,1.0,1.0,6.0,1.0,4.0
 Sportvg Feuerbach 3, 55,Siddalingappa,Arun,0.0,0.0,0.0,0.0,0.0,2.0
 Sportvg Feuerbach 3, 55,Skrimizeas,Dimitrios,9.0,6.0,5.0,2.0,0.0,1.0
 Tb Ruit Deers, 25,Dere,Ibrahim,20.0,4.0,2.0,6.0,2.0,2.0
 Tb Ruit Deers, 25,Gueli,Alessandro,17.0,3.0,1.0,5.0,2.0,1.0
 Tb Ruit Deers, 25,Hasanovic,Adnan,8.0,2.0,2.0,3.0,0.0,1.0
 Tb Ruit Deers, 25,Janovsky,Pascal,18.0,2.0,0.0,9.0,0.0,0.0
 Tb Ruit Deers, 25,Museta,Arian,14.0,0.0,0.0,7.0,0.0,1.0
 Tb Ruit Deers, 25,****,***,9.0,0.0,0.0,3.0,1.0,2.0
 Tb Ruit Deers, 25,Pokoj,Franz,7.0,3.0,1.0,3.0,0.0,2.0
 Tb Ruit Deers, 25,Stefani,Rainer,2.0,0.0,0.0,1.0,0.0,3.0
 Tb Ruit Deers, 25,Zabadal,Patrick,13.0,1.0,0.0,2.0,3.0,0.0
 Tb Ruit Deers, 25,Zivkovic,Borislav,6.0,2.0,2.0,2.0,0.0,0.0
 Sportvg Feuerbach 3, 25,Berkant,Kurban,0.0,0.0,0.0,0.0,0.0,1.0
 Sportvg Feuerbach 3, 25,Bosnajkovic,Sanjin,2.0,0.0,0.0,1.0,0.0,0.0
 Sportvg Feuerbach 3, 25,Georgiadis,Dimitris,12.0,2.0,2.0,2.0,2.0,0.0
 Sportvg Feuerbach 3, 25,Kebede,Musse,3.0,2.0,1.0,1.0,0.0,0.0
 Sportvg Feuerbach 3, 25,Kitsakis,Ioannis,2.0,0.0,0.0,1.0,0.0,4.0
 Sportvg Feuerbach 3, 25,Mesic,Khiyan,4.0,2.0,0.0,2.0,0.0,3.0
 Sportvg Feuerbach 3, 25,Nowak,Alexander,0.0,0.0,0.0,0.0,0.0,4.0
 Sportvg Feuerbach 3, 25,Salar,Sahab,0.0,0.0,0.0,0.0,0.0,0.0
 Sportvg Feuerbach 3, 25,Scharpf,Robert,2.0,0.0,0.0,1.0,0.0,1.0
 Sportvg Feuerbach 3, 25,Schneider,Alex,2.0,0.0,0.0,1.0,0.0,1.0
 Sportvg Feuerbach 3, 25,Schneider,Max,9.0,6.0,3.0,3.0,0.0,1.0
 Sportvg Feuerbach 3, 25,Skrimizeas,Dimitrios,7.0,4.0,2.0,1.0,1.0,1.0
 SG Schorndorf, 29,Baykal,Emre,0.0,0.0,0.0,0.0,0.0,0.0
 SG Schorndorf, 29,Baykal,Timur,19.0,4.0,3.0,2.0,4.0,4.0
 SG Schorndorf, 29,Bulat,Kaan,1.0,2.0,1.0,0.0,0.0,0.0
 SG Schorndorf, 29,Buskus,Ignas,0.0,0.0,0.0,0.0,0.0,0.0
 SG Schorndorf, 29,Cimino,Kareem,1.0,3.0,1.0,0.0,0.0,2.0
 SG Schorndorf, 29,Gaudio,Joel,0.0,0.0,0.0,0.0,0.0,0.0
 SG Schorndorf, 29,Gerstenhauer,Timo,0.0,0.0,0.0,0.0,0.0,0.0
 SG Schorndorf, 29,Hergül,Eray,0.0,0.0,0.0,0.0,0.0,0.0
 SG Schorndorf, 29,Meinlschmidt,Tim,29.0,10.0,6.0,10.0,1.0,1.0
 SG Schorndorf, 29,Randisi,Samuele,0.0,0.0,0.0,0.0,0.0,4.0
 SG Schorndorf, 29,****,***,0.0,0.0,0.0,0.0,0.0,0.0
 SG Schorndorf, 29,Weber,Ben,22.0,4.0,2.0,10.0,0.0,4.0
 Tb Ruit Deers, 29,Dere,Ibrahim,9.0,2.0,1.0,4.0,0.0,0.0
 Tb Ruit Deers, 29,Gueli,Alessandro,17.0,2.0,2.0,6.0,1.0,3.0
 Tb Ruit Deers, 29,Hasanovic,Adnan,9.0,6.0,3.0,3.0,0.0,2.0
 Tb Ruit Deers, 29,Janovsky,Pascal,8.0,0.0,0.0,4.0,0.0,4.0
 Tb Ruit Deers, 29,Kuti,Goran,1.0,2.0,1.0,0.0,0.0,2.0
 Tb Ruit Deers, 29,Museta,Arian,21.0,3.0,2.0,8.0,1.0,4.0
 Tb Ruit Deers, 29,****,***,4.0,0.0,0.0,2.0,0.0,2.0
 Tb Ruit Deers, 29,****,***,0.0,0.0,0.0,0.0,0.0,0.0
 Tb Ruit Deers, 29,Zabadal,Patrick,2.0,0.0,0.0,1.0,0.0,1.0
 Tb Ruit Deers, 29,Zivkovic,Borislav,18.0,0.0,0.0,6.0,2.0,3.0
 SpVgg Möhringen 2, 36,Blumberg,David,16.0,4.0,2.0,7.0,0.0,3.0
 SpVgg Möhringen 2, 36,Huber,Ari,9.0,9.0,7.0,1.0,0.0,0.0
 SpVgg Möhringen 2, 36,Jetter,Martin,3.0,2.0,1.0,1.0,0.0,1.0
 SpVgg Möhringen 2, 36,Nieuwenhuizen,Florian,8.0,2.0,2.0,3.0,0.0,4.0
 SpVgg Möhringen 2, 36,Pavlovits,Stefan Sasa,2.0,0.0,0.0,1.0,0.0,0.0
 SpVgg Möhringen 2, 36,Roman,Eric,0.0,0.0,0.0,0.0,0.0,0.0
 SpVgg Möhringen 2, 36,Rösch,Oliver,2.0,0.0,0.0,1.0,0.0,2.0
 SpVgg Möhringen 2, 36,Schulz,Wilhelm,3.0,2.0,1.0,1.0,0.0,3.0
 SpVgg Möhringen 2, 36,Wiedemann,Bernd,4.0,0.0,0.0,2.0,0.0,0.0
 ASV Aichwald, 36,Cobisi,Valerio Paolo,14.0,8.0,6.0,4.0,0.0,3.0
 ASV Aichwald, 36,Fix,Alexander,2.0,2.0,2.0,0.0,0.0,3.0
 ASV Aichwald, 36,Freitag,Markus,23.0,8.0,6.0,7.0,1.0,2.0
 ASV Aichwald, 36,****,***,4.0,2.0,0.0,2.0,0.0,1.0
 ASV Aichwald, 36,Prauß,Enniego,0.0,0.0,0.0,0.0,0.0,0.0
 ASV Aichwald, 36,Ritter,Thomas,6.0,0.0,0.0,3.0,0.0,3.0
 ASV Aichwald, 36,Schwenzow,Tilmann,8.0,2.0,1.0,2.0,1.0,3.0
 ASV Aichwald, 36,Sticher,Niklas,2.0,0.0,0.0,1.0,0.0,1.0
 Aalener Sportallianz, 85,Csatlos,Tibor,2.0,0.0,0.0,1.0,0.0,2.0
 Aalener Sportallianz, 85,Eberlein,Thomas,0.0,0.0,0.0,0.0,0.0,0.0
 Aalener Sportallianz, 85,Fuchs,Rene,4.0,0.0,0.0,2.0,0.0,0.0
 Aalener Sportallianz, 85,Isik,Mehmet Berke,7.0,6.0,3.0,2.0,0.0,1.0
 Aalener Sportallianz, 85,Mystiroudis,Ioannis,14.0,3.0,2.0,6.0,0.0,1.0
 Aalener Sportallianz, 85,Mystiroudis,Thrasyvoulos,0.0,0.0,0.0,0.0,0.0,0.0
 Aalener Sportallianz, 85,Quoc Anh,Vu,3.0,2.0,1.0,1.0,0.0,1.0
 Aalener Sportallianz, 85,Tchokoyo Nkongho,Crespin Miguel,4.0,1.0,0.0,2.0,0.0,1.0
 Aalener Sportallianz, 85,Ücüncüoglu,Mertkan,4.0,0.0,0.0,2.0,0.0,4.0
 Aalener Sportallianz, 85,Weber,Max,9.0,2.0,1.0,4.0,0.0,1.0
 Aalener Sportallianz, 85,Wigel,Alexander,0.0,0.0,0.0,0.0,0.0,1.0
 Sportvg Feuerbach 3, 85,Boras,Karlo,6.0,0.0,0.0,3.0,0.0,1.0
 Sportvg Feuerbach 3, 85,Hönig,Thomas,4.0,2.0,0.0,2.0,0.0,1.0
 Sportvg Feuerbach 3, 85,Kebede,Musse,20.0,6.0,1.0,5.0,3.0,2.0
 Sportvg Feuerbach 3, 85,Nowak,Alexander,3.0,3.0,1.0,1.0,0.0,3.0
 Sportvg Feuerbach 3, 85,Salar,Sahab,0.0,0.0,0.0,0.0,0.0,0.0
 Sportvg Feuerbach 3, 85,Scharpf,Robert,0.0,0.0,0.0,0.0,0.0,2.0
 Sportvg Feuerbach 3, 85,Schneider,Alex,2.0,0.0,0.0,1.0,0.0,0.0
 Sportvg Feuerbach 3, 85,Siddalingappa,Arun,4.0,2.0,0.0,2.0,0.0,3.0
 Tb Ruit Deers, 53,Cetin,Samet,2.0,0.0,0.0,1.0,0.0,0.0
 Tb Ruit Deers, 53,Dere,Ibrahim,17.0,4.0,4.0,5.0,1.0,3.0
 Tb Ruit Deers, 53,Hasanovic,Adnan,2.0,2.0,2.0,0.0,0.0,2.0
 Tb Ruit Deers, 53,Ilijic,Filip,4.0,2.0,0.0,2.0,0.0,2.0
 Tb Ruit Deers, 53,Janovsky,Pascal,14.0,3.0,2.0,6.0,0.0,3.0
 Tb Ruit Deers, 53,Kumar,Sundeep,8.0,2.0,0.0,4.0,0.0,3.0
 Tb Ruit Deers, 53,Museta,Arian,0.0,0.0,0.0,0.0,0.0,2.0
 Tb Ruit Deers, 53,****,***,7.0,2.0,2.0,1.0,1.0,2.0
 Tb Ruit Deers, 53,Stefani,Rainer,0.0,0.0,0.0,0.0,0.0,0.0
 Tb Ruit Deers, 53,Zabadal,Patrick,9.0,0.0,0.0,0.0,3.0,2.0
 Tb Ruit Deers, 53,Zivkovic,Borislav,15.0,2.0,2.0,5.0,1.0,1.0
 TSV Schmiden 2, 53,Bergert,Sven,3.0,0.0,0.0,0.0,1.0,2.0
 TSV Schmiden 2, 53,Dorst,Oliver,0.0,0.0,0.0,0.0,0.0,4.0
 TSV Schmiden 2, 53,Eckenfelder,Felix,8.0,2.0,2.0,3.0,0.0,1.0
 TSV Schmiden 2, 53,Gühring,Valentino,42.0,9.0,8.0,11.0,4.0,1.0
 TSV Schmiden 2, 53,Klein,Kelvin,5.0,6.0,3.0,1.0,0.0,0.0
 TSV Schmiden 2, 53,Lucas,Simon,10.0,1.0,0.0,5.0,0.0,4.0
 TSV Schmiden 2, 53,Sörös,Martin,22.0,8.0,5.0,7.0,1.0,3.0
 SpVgg Möhringen 2, 11,****,***,5.0,4.0,2.0,0.0,1.0,2.0
 SpVgg Möhringen 2, 11,Blumberg,David,6.0,0.0,0.0,3.0,0.0,0.0
 SpVgg Möhringen 2, 11,Huber,Ari,14.0,7.0,3.0,4.0,1.0,2.0
 SpVgg Möhringen 2, 11,Jetter,Martin,2.0,0.0,0.0,1.0,0.0,1.0
 SpVgg Möhringen 2, 11,Kattengell,Yannick,0.0,0.0,0.0,0.0,0.0,0.0
 SpVgg Möhringen 2, 11,Nieuwenhuizen,Florian,9.0,0.0,0.0,3.0,1.0,2.0
 SpVgg Möhringen 2, 11,Pavlovits,Stefan Sasa,7.0,1.0,1.0,3.0,0.0,1.0
 SpVgg Möhringen 2, 11,Toromanovic,Zlatan,5.0,2.0,1.0,2.0,0.0,1.0
 SpVgg Möhringen 2, 11,Wiedemann,Bernd,0.0,0.0,0.0,0.0,0.0,0.0
 SpVgg Möhringen 2, 11,Wrachtrup,Maximilian,2.0,0.0,0.0,1.0,0.0,1.0
 SG Schorndorf, 11,Buskus,Ignas,0.0,0.0,0.0,0.0,0.0,0.0
 SG Schorndorf, 11,Gaudio,Joel,0.0,0.0,0.0,0.0,0.0,0.0
 SG Schorndorf, 11,Gerstenhauer,Timo,0.0,0.0,0.0,0.0,0.0,0.0
 SG Schorndorf, 11,Hergül,Eray,0.0,0.0,0.0,0.0,0.0,0.0
 SG Schorndorf, 11,Hergül,Koray,5.0,4.0,2.0,0.0,1.0,1.0
 SG Schorndorf, 11,Komlenic,Dusan,4.0,2.0,2.0,1.0,0.0,2.0
 SG Schorndorf, 11,Komlenic,Krstan,17.0,2.0,2.0,0.0,5.0,1.0
 SG Schorndorf, 11,Meinlschmidt,Tim,6.0,2.0,2.0,2.0,0.0,1.0
 SG Schorndorf, 11,Randisi,Samuele,0.0,0.0,0.0,0.0,0.0,5.0
 SG Schorndorf, 11,Schwertfeger,Tim,0.0,0.0,0.0,0.0,0.0,0.0
 SG Schorndorf, 11,****,***,2.0,0.0,0.0,1.0,0.0,2.0
 SG Schorndorf, 11,Weber,Ben,9.0,0.0,0.0,3.0,1.0,3.0
 SpVgg Möhringen 2, 31,Blumberg,David,21.0,9.0,5.0,8.0,0.0,3.0
 SpVgg Möhringen 2, 31,Fabian,Jascha,8.0,1.0,1.0,2.0,1.0,4.0
 SpVgg Möhringen 2, 31,Huber,Ari,12.0,4.0,1.0,4.0,1.0,4.0
 SpVgg Möhringen 2, 31,Jetter,Martin,2.0,0.0,0.0,1.0,0.0,0.0
 SpVgg Möhringen 2, 31,Kattengell,Yannick,0.0,0.0,0.0,0.0,0.0,0.0
 SpVgg Möhringen 2, 31,Nieuwenhuizen,Florian,6.0,2.0,0.0,3.0,0.0,2.0
 SpVgg Möhringen 2, 31,Roman,Eric,6.0,0.0,0.0,3.0,0.0,1.0
 SpVgg Möhringen 2, 31,Rösch,Oliver,0.0,0.0,0.0,0.0,0.0,1.0
 SpVgg Möhringen 2, 31,Schlottke,Jan,4.0,0.0,0.0,2.0,0.0,1.0
 SpVgg Möhringen 2, 31,Wiedemann,Bernd,8.0,2.0,2.0,3.0,0.0,1.0
 TSB Schwäbisch Gmünd 2, 31,Bulatow,Max,8.0,2.0,1.0,2.0,1.0,5.0
 TSB Schwäbisch Gmünd 2, 31,Gouziotis,Konstantinos,0.0,0.0,0.0,0.0,0.0,4.0
 TSB Schwäbisch Gmünd 2, 31,Heilig,Jonas,2.0,0.0,0.0,1.0,0.0,0.0
 TSB Schwäbisch Gmünd 2, 31,Hellmann,Micha-Benjamin,17.0,4.0,1.0,8.0,0.0,3.0
 TSB Schwäbisch Gmünd 2, 31,Lehmann,Oliver,2.0,0.0,0.0,1.0,0.0,0.0
 TSB Schwäbisch Gmünd 2, 31,Magkoutas,Konstantinos,2.0,0.0,0.0,1.0,0.0,1.0
 TSB Schwäbisch Gmünd 2, 31,Schwenk,Marvin,0.0,0.0,0.0,0.0,0.0,1.0
 TSB Schwäbisch Gmünd 2, 31,Stauss,Max,0.0,0.0,0.0,0.0,0.0,0.0
 TSB Schwäbisch Gmünd 2, 31,Tumba,Nikita,11.0,6.0,2.0,3.0,1.0,0.0
 TSB Schwäbisch Gmünd 2, 31,Weller,Ben,22.0,4.0,4.0,3.0,4.0,5.0
 Sportvg Feuerbach 3, 20,Berkant,Kurban,0.0,0.0,0.0,0.0,0.0,0.0
 Sportvg Feuerbach 3, 20,Georgiadis,Dimitris,14.0,4.0,0.0,4.0,2.0,1.0
 Sportvg Feuerbach 3, 20,****,***,9.0,2.0,1.0,1.0,2.0,1.0
 Sportvg Feuerbach 3, 20,Kebede,Musse,5.0,0.0,0.0,1.0,1.0,4.0
 Sportvg Feuerbach 3, 20,Nowak,Alexander,0.0,0.0,0.0,0.0,0.0,4.0
 Sportvg Feuerbach 3, 20,Salar,Sahab,2.0,0.0,0.0,1.0,0.0,1.0
 Sportvg Feuerbach 3, 20,Schneider,Max,19.0,4.0,3.0,8.0,0.0,0.0
 TSB Schwäbisch Gmünd 2, 20,Bonnet,Marc-Aris,5.0,0.0,0.0,1.0,1.0,1.0
 TSB Schwäbisch Gmünd 2, 20,Bulatow,Max,8.0,0.0,0.0,4.0,0.0,1.0
 TSB Schwäbisch Gmünd 2, 20,Gouziotis,Konstantinos,9.0,1.0,1.0,4.0,0.0,2.0
 TSB Schwäbisch Gmünd 2, 20,Heilig,Jonas,4.0,2.0,0.0,2.0,0.0,0.0
 TSB Schwäbisch Gmünd 2, 20,Lehmann,Oliver,6.0,0.0,0.0,3.0,0.0,0.0
 TSB Schwäbisch Gmünd 2, 20,Magkoutas,Konstantinos,13.0,2.0,1.0,6.0,0.0,2.0
 TSB Schwäbisch Gmünd 2, 20,Schwenk,Marvin,0.0,2.0,0.0,0.0,0.0,2.0
 TSB Schwäbisch Gmünd 2, 20,Tumba,Nikita,13.0,1.0,1.0,6.0,0.0,0.0
 TSB Schwäbisch Gmünd 2, 20,Weller,Ben,22.0,1.0,0.0,8.0,2.0,1.0
 TSB Schwäbisch Gmünd 2, 20,Yüce,Kaan,0.0,0.0,0.0,0.0,0.0,0.0
 TSV Essingen, 64,Demirtas,Luca,2.0,1.0,0.0,1.0,0.0,1.0
 TSV Essingen, 64,Henne,Stefan,3.0,2.0,1.0,1.0,0.0,3.0
 TSV Essingen, 64,Jaros,Samuel,17.0,0.0,0.0,1.0,5.0,1.0
 TSV Essingen, 64,Mehajer,Jaafar,8.0,1.0,0.0,4.0,0.0,2.0
 TSV Essingen, 64,Mehajer,Zoulfikar,0.0,0.0,0.0,0.0,0.0,1.0
 TSV Essingen, 64,Müller,Peter,5.0,2.0,2.0,0.0,1.0,0.0
 TSV Essingen, 64,Penz,Julian,11.0,6.0,3.0,4.0,0.0,4.0
 TSV Essingen, 64,Seyum,Alexander,6.0,0.0,0.0,3.0,0.0,1.0
 TSV Essingen, 64,Walter,Martin,10.0,3.0,2.0,4.0,0.0,2.0
 TSV Essingen, 64,****,***,15.0,0.0,0.0,0.0,5.0,1.0
 TSV Essingen, 64,Zimmermann,Manfred,5.0,3.0,1.0,2.0,0.0,1.0
 SG Schorndorf, 64,Bulat,Kaan,3.0,3.0,1.0,1.0,0.0,1.0
 SG Schorndorf, 64,Gaudio,Joel,2.0,0.0,0.0,1.0,0.0,1.0
 SG Schorndorf, 64,Gerstenhauer,Timo,0.0,0.0,0.0,0.0,0.0,0.0
 SG Schorndorf, 64,Hergül,Eray,0.0,0.0,0.0,0.0,0.0,1.0
 SG Schorndorf, 64,Hergül,Koray,2.0,0.0,0.0,1.0,0.0,3.0
 SG Schorndorf, 64,Komlenic,Dusan,9.0,2.0,1.0,4.0,0.0,4.0
 SG Schorndorf, 64,Komlenic,Krstan,12.0,0.0,0.0,0.0,4.0,3.0
 SG Schorndorf, 64,Segrt,Milan,7.0,2.0,1.0,3.0,0.0,2.0
 SG Schorndorf, 64,Weber,Ben,10.0,0.0,0.0,5.0,0.0,5.0
 ASV Aichwald, 26,Cobisi,Valerio Paolo,15.0,5.0,1.0,7.0,0.0,2.0
 ASV Aichwald, 26,El-Hourani,Marcel,2.0,0.0,0.0,1.0,0.0,1.0
 ASV Aichwald, 26,Freitag,Markus,11.0,3.0,1.0,5.0,0.0,1.0
 ASV Aichwald, 26,****,***,2.0,0.0,0.0,1.0,0.0,0.0
 ASV Aichwald, 26,Prauß,Enniego,0.0,0.0,0.0,0.0,0.0,0.0
 ASV Aichwald, 26,Ritter,Thomas,0.0,0.0,0.0,0.0,0.0,1.0
 ASV Aichwald, 26,Schwenzow,Tilmann,5.0,0.0,0.0,1.0,1.0,0.0
 ASV Aichwald, 26,Sticher,Niklas,2.0,1.0,0.0,1.0,0.0,2.0
 ASV Aichwald, 26,von Benthen,Dominik,9.0,3.0,2.0,2.0,1.0,3.0
 ASV Aichwald, 26,Weinschenk,Daniel,2.0,0.0,0.0,1.0,0.0,2.0
 TSV Schmiden 2, 26,Bergert,Sven,8.0,0.0,0.0,1.0,2.0,1.0
 TSV Schmiden 2, 26,Bürkle,Rainer,0.0,0.0,0.0,0.0,0.0,0.0
 TSV Schmiden 2, 26,Dorst,Oliver,0.0,0.0,0.0,0.0,0.0,2.0
 TSV Schmiden 2, 26,Gühring,Valentino,22.0,0.0,0.0,2.0,6.0,0.0
 TSV Schmiden 2, 26,Ilas,Vasileios,3.0,2.0,1.0,1.0,0.0,2.0
 TSV Schmiden 2, 26,Klein,Kelvin,0.0,2.0,0.0,0.0,0.0,4.0
 TSV Schmiden 2, 26,Lucas,Simon,0.0,0.0,0.0,0.0,0.0,3.0
 TSV Schmiden 2, 26,Sörös,Martin,10.0,4.0,2.0,4.0,0.0,2.0
 Tb Ruit Deers, 82,Cetin,Samet,8.0,5.0,2.0,3.0,0.0,2.0
 Tb Ruit Deers, 82,Dere,Ibrahim,18.0,3.0,2.0,5.0,2.0,3.0
 Tb Ruit Deers, 82,Gueli,Alessandro,12.0,2.0,0.0,6.0,0.0,4.0
 Tb Ruit Deers, 82,Hasanovic,Adnan,4.0,0.0,0.0,2.0,0.0,2.0
 Tb Ruit Deers, 82,Kumar,Sundeep,6.0,4.0,2.0,2.0,0.0,3.0
 Tb Ruit Deers, 82,Kuti,Goran,2.0,2.0,2.0,0.0,0.0,1.0
 Tb Ruit Deers, 82,****,***,12.0,7.0,6.0,3.0,0.0,2.0
 Tb Ruit Deers, 82,Pokoj,Franz,9.0,2.0,1.0,4.0,0.0,3.0
 Tb Ruit Deers, 82,Stefani,Rainer,0.0,0.0,0.0,0.0,0.0,0.0
 Tb Ruit Deers, 82,Zabadal,Patrick,9.0,4.0,1.0,4.0,0.0,1.0
 TSB Schwäbisch Gmünd 2, 82,Bonnet,Marc-Aris,4.0,0.0,0.0,2.0,0.0,3.0
 TSB Schwäbisch Gmünd 2, 82,Bulatow,Max,6.0,1.0,0.0,3.0,0.0,4.0
 TSB Schwäbisch Gmünd 2, 82,Heilig,Jonas,4.0,0.0,0.0,2.0,0.0,1.0
 TSB Schwäbisch Gmünd 2, 82,Hellmann,Micha-Benjamin,14.0,5.0,4.0,5.0,0.0,4.0
 TSB Schwäbisch Gmünd 2, 82,Lehmann,Oliver,2.0,0.0,0.0,1.0,0.0,3.0
 TSB Schwäbisch Gmünd 2, 82,Nagel,Noah,4.0,2.0,2.0,1.0,0.0,2.0
 TSB Schwäbisch Gmünd 2, 82,Schwenk,Marvin,4.0,0.0,0.0,2.0,0.0,1.0
 TSB Schwäbisch Gmünd 2, 82,Senge,Leon,7.0,2.0,1.0,0.0,2.0,2.0
 TSB Schwäbisch Gmünd 2, 82,Tumba,Nikita,9.0,0.0,0.0,0.0,3.0,1.0
 TSB Schwäbisch Gmünd 2, 82,Weller,Ben,13.0,5.0,3.0,2.0,2.0,3.0
 TSB Schwäbisch Gmünd 2, 52,Bonnet,Marc-Aris,0.0,0.0,0.0,0.0,0.0,3.0
 TSB Schwäbisch Gmünd 2, 52,Bulatow,Max,8.0,0.0,0.0,1.0,2.0,1.0
 TSB Schwäbisch Gmünd 2, 52,Gouziotis,Konstantinos,2.0,0.0,0.0,1.0,0.0,4.0
 TSB Schwäbisch Gmünd 2, 52,Heilig,Jonas,8.0,2.0,0.0,4.0,0.0,2.0
 TSB Schwäbisch Gmünd 2, 52,Hellmann,Micha-Benjamin,18.0,11.0,6.0,6.0,0.0,4.0
 TSB Schwäbisch Gmünd 2, 52,Lehmann,Oliver,0.0,0.0,0.0,0.0,0.0,0.0
 TSB Schwäbisch Gmünd 2, 52,Magkoutas,Konstantinos,5.0,2.0,1.0,2.0,0.0,3.0
 TSB Schwäbisch Gmünd 2, 52,Schwenk,Marvin,2.0,0.0,0.0,1.0,0.0,2.0
 TSB Schwäbisch Gmünd 2, 52,Tumba,Nikita,2.0,0.0,0.0,1.0,0.0,2.0
 TSB Schwäbisch Gmünd 2, 52,Weller,Ben,18.0,1.0,1.0,4.0,3.0,2.0
 Aalener Sportallianz, 52,Altevogt,Daniel,15.0,11.0,6.0,3.0,1.0,4.0
 Aalener Sportallianz, 52,Csatlos,Tibor,5.0,2.0,1.0,2.0,0.0,4.0
 Aalener Sportallianz, 52,Fuchs,Rene,0.0,0.0,0.0,0.0,0.0,0.0
 Aalener Sportallianz, 52,Isik,Mehmet Berke,10.0,6.0,3.0,2.0,1.0,2.0
 Aalener Sportallianz, 52,Mystiroudis,Ioannis,4.0,4.0,2.0,1.0,0.0,1.0
 Aalener Sportallianz, 52,Mystiroudis,Thrasyvoulos,6.0,0.0,0.0,0.0,2.0,0.0
 Aalener Sportallianz, 52,Pekka,Emeric,1.0,2.0,1.0,0.0,0.0,2.0
 Aalener Sportallianz, 52,Weber,Max,9.0,5.0,3.0,3.0,0.0,2.0
 Aalener Sportallianz, 52,Wigel,Alexander,1.0,2.0,1.0,0.0,0.0,1.0
 ASV Aichwald, 41,Cobisi,Valerio Paolo,17.0,6.0,1.0,8.0,0.0,2.0
 ASV Aichwald, 41,El-Hourani,Marcel,8.0,0.0,0.0,4.0,0.0,3.0
 ASV Aichwald, 41,Fix,Alexander,15.0,1.0,1.0,4.0,2.0,3.0
 ASV Aichwald, 41,Freitag,Markus,0.0,0.0,0.0,0.0,0.0,0.0
 ASV Aichwald, 41,****,***,4.0,1.0,0.0,2.0,0.0,3.0
 ASV Aichwald, 41,Gramm,Moritz,0.0,0.0,0.0,0.0,0.0,1.0
 ASV Aichwald, 41,****,***,2.0,0.0,0.0,1.0,0.0,1.0
 ASV Aichwald, 41,Prauß,Enniego,7.0,0.0,0.0,2.0,1.0,1.0
 ASV Aichwald, 41,Ritter,Thomas,3.0,0.0,0.0,0.0,1.0,3.0
 ASV Aichwald, 41,Schwenzow,Tilmann,9.0,2.0,1.0,4.0,0.0,0.0
 ASV Aichwald, 41,Weinschenk,Daniel,17.0,0.0,0.0,4.0,3.0,2.0
 Sportvg Feuerbach 3, 41,Berkant,Kurban,0.0,0.0,0.0,0.0,0.0,0.0
 Sportvg Feuerbach 3, 41,Boras,Karlo,2.0,0.0,0.0,1.0,0.0,0.0
 Sportvg Feuerbach 3, 41,Cvijetic,Andrej-Danis,2.0,0.0,0.0,1.0,0.0,0.0
 Sportvg Feuerbach 3, 41,****,***,2.0,0.0,0.0,1.0,0.0,0.0
 Sportvg Feuerbach 3, 41,Kebede,Musse,12.0,5.0,3.0,3.0,1.0,1.0
 Sportvg Feuerbach 3, 41,Nowak,Alexander,2.0,3.0,0.0,1.0,0.0,4.0
 Sportvg Feuerbach 3, 41,Scharpf,Robert,0.0,0.0,0.0,0.0,0.0,0.0
 Sportvg Feuerbach 3, 41,Schneider,Alex,0.0,0.0,0.0,0.0,0.0,0.0
 Sportvg Feuerbach 3, 41,Schneider,Max,13.0,5.0,3.0,5.0,0.0,1.0
 Sportvg Feuerbach 3, 41,Siddalingappa,Arun,4.0,0.0,0.0,2.0,0.0,3.0
 Sportvg Feuerbach 3, 41,Skrimizeas,Dimitrios,10.0,4.0,2.0,4.0,0.0,1.0
 Sportvg Feuerbach 3, 40,Berkant,Kurban,0.0,0.0,0.0,0.0,0.0,1.0
 Sportvg Feuerbach 3, 40,Cvijetic,Andrej-Danis,0.0,0.0,0.0,0.0,0.0,0.0
 Sportvg Feuerbach 3, 40,Fischer,Jerome Franklin,13.0,10.0,5.0,4.0,0.0,2.0
 Sportvg Feuerbach 3, 40,Georgiadis,Dimitris,13.0,2.0,0.0,2.0,3.0,0.0
 Sportvg Feuerbach 3, 40,****,***,0.0,0.0,0.0,0.0,0.0,0.0
 Sportvg Feuerbach 3, 40,Hönig,Thomas,0.0,0.0,0.0,0.0,0.0,3.0
 Sportvg Feuerbach 3, 40,Kebede,Musse,6.0,3.0,2.0,2.0,0.0,1.0
 Sportvg Feuerbach 3, 40,Kotromanovic,Marko,0.0,0.0,0.0,0.0,0.0,0.0
 Sportvg Feuerbach 3, 40,Nowak,Alexander,2.0,0.0,0.0,1.0,0.0,3.0
 Sportvg Feuerbach 3, 40,Schneider,Max,8.0,5.0,3.0,1.0,1.0,5.0
 Sportvg Feuerbach 3, 40,Siddalingappa,Arun,2.0,0.0,0.0,1.0,0.0,2.0
 Sportvg Feuerbach 3, 40,Skrimizeas,Dimitrios,6.0,2.0,2.0,2.0,0.0,1.0
 Aalener Sportallianz, 40,Csatlos,Tibor,14.0,2.0,0.0,4.0,2.0,1.0
 Aalener Sportallianz, 40,Fuchs,Rene,7.0,6.0,3.0,2.0,0.0,3.0
 Aalener Sportallianz, 40,Isik,Mehmet Berke,0.0,0.0,0.0,0.0,0.0,2.0
 Aalener Sportallianz, 40,****,***,0.0,0.0,0.0,0.0,0.0,0.0
 Aalener Sportallianz, 40,Knoblauch,Florian,6.0,4.0,2.0,2.0,0.0,5.0
 Aalener Sportallianz, 40,Mystiroudis,Ioannis,14.0,2.0,2.0,6.0,0.0,1.0
 Aalener Sportallianz, 40,Mystiroudis,Thrasyvoulos,2.0,0.0,0.0,1.0,0.0,1.0
 Aalener Sportallianz, 40,Quoc Anh,Vu,0.0,0.0,0.0,0.0,0.0,0.0
 Aalener Sportallianz, 40,Tchokoyo Nkongho,Crespin Miguel,12.0,4.0,3.0,3.0,1.0,5.0
 Aalener Sportallianz, 40,Weber,Lukas,2.0,0.0,0.0,1.0,0.0,5.0
 Aalener Sportallianz, 40,Weber,Max,5.0,2.0,1.0,2.0,0.0,2.0
 SpVgg Möhringen 2, 1,****,***,6.0,0.0,0.0,3.0,0.0,1.0
 SpVgg Möhringen 2, 1,Blumberg,David,10.0,4.0,2.0,4.0,0.0,4.0
 SpVgg Möhringen 2, 1,Emili,Paolo,3.0,2.0,1.0,1.0,0.0,1.0
 SpVgg Möhringen 2, 1,Fabian,Jascha,10.0,0.0,0.0,5.0,0.0,0.0
 SpVgg Möhringen 2, 1,Huber,Ari,15.0,4.0,3.0,6.0,0.0,1.0
 SpVgg Möhringen 2, 1,Jetter,Martin,10.0,0.0,0.0,5.0,0.0,3.0
 SpVgg Möhringen 2, 1,Kattengell,Yannick,2.0,0.0,0.0,1.0,0.0,1.0
 SpVgg Möhringen 2, 1,Pavlovits,Stefan Sasa,8.0,0.0,0.0,4.0,0.0,0.0
 SpVgg Möhringen 2, 1,Wiedemann,Bernd,10.0,0.0,0.0,5.0,0.0,2.0
 SpVgg Möhringen 2, 1,Wrachtrup,Maximilian,5.0,2.0,1.0,2.0,0.0,3.0
 Sportvg Feuerbach 3, 1,Awadh,Saad,0.0,0.0,0.0,0.0,0.0,0.0
 Sportvg Feuerbach 3, 1,Berkant,Kurban,1.0,2.0,1.0,0.0,0.0,2.0
 Sportvg Feuerbach 3, 1,Boras,Karlo,0.0,0.0,0.0,0.0,0.0,2.0
 Sportvg Feuerbach 3, 1,Bosnajkovic,Sanjin,0.0,0.0,0.0,0.0,0.0,0.0
 Sportvg Feuerbach 3, 1,Di Franco,Martino,0.0,0.0,0.0,0.0,0.0,0.0
 Sportvg Feuerbach 3, 1,Georgiadis,Dimitris,15.0,16.0,2.0,5.0,1.0,3.0
 Sportvg Feuerbach 3, 1,Kotromanovic,Marko,6.0,0.0,0.0,3.0,0.0,2.0
 Sportvg Feuerbach 3, 1,Nowak,Alexander,0.0,0.0,0.0,0.0,0.0,2.0
 Sportvg Feuerbach 3, 1,Pelkner,Niklas,5.0,0.0,0.0,1.0,1.0,0.0
 ASV Aichwald, 77,Cobisi,Valerio Paolo,32.0,10.0,8.0,12.0,0.0,1.0
 ASV Aichwald, 77,Fix,Alexander,8.0,0.0,0.0,1.0,2.0,1.0
 ASV Aichwald, 77,Freitag,Markus,16.0,2.0,2.0,7.0,0.0,2.0
 ASV Aichwald, 77,Gramm,Moritz,12.0,0.0,0.0,6.0,0.0,3.0
 ASV Aichwald, 77,Prauß,Enniego,4.0,0.0,0.0,2.0,0.0,1.0
 ASV Aichwald, 77,Ritter,Thomas,2.0,0.0,0.0,1.0,0.0,3.0
 ASV Aichwald, 77,Sticher,Niklas,4.0,2.0,0.0,2.0,0.0,0.0
 ASV Aichwald, 77,von Benthen,Dominik,7.0,2.0,0.0,2.0,1.0,1.0
 Aalener Sportallianz, 77,Csatlos,Tibor,0.0,0.0,0.0,0.0,0.0,3.0
 Aalener Sportallianz, 77,Fuchs,Rene,0.0,0.0,0.0,0.0,0.0,1.0
 Aalener Sportallianz, 77,Isik,Mehmet Berke,3.0,9.0,1.0,1.0,0.0,2.0
 Aalener Sportallianz, 77,Mystiroudis,Ioannis,10.0,0.0,0.0,5.0,0.0,1.0
 Aalener Sportallianz, 77,Mystiroudis,Thrasyvoulos,5.0,0.0,0.0,1.0,1.0,1.0
 Aalener Sportallianz, 77,Quoc Anh,Vu,2.0,0.0,0.0,1.0,0.0,1.0
 Aalener Sportallianz, 77,Ücüncüoglu,Mertkan,2.0,0.0,0.0,1.0,0.0,0.0
 Aalener Sportallianz, 77,Weber,Max,6.0,2.0,0.0,0.0,2.0,2.0
 Aalener Sportallianz, 77,Wigel,Alexander,3.0,0.0,0.0,0.0,1.0,1.0
 TSV Schmiden 2, 71,Eckenfelder,Felix,10.0,6.0,2.0,4.0,0.0,1.0
 TSV Schmiden 2, 71,Gühring,Valentino,18.0,5.0,3.0,0.0,5.0,4.0
 TSV Schmiden 2, 71,Jaric,Sebastian,2.0,0.0,0.0,1.0,0.0,0.0
 TSV Schmiden 2, 71,Klein,Kelvin,2.0,0.0,0.0,1.0,0.0,0.0
 TSV Schmiden 2, 71,Kunduklija,Almir,6.0,0.0,0.0,3.0,0.0,2.0
 TSV Schmiden 2, 71,Peiker,Marvin,6.0,0.0,0.0,3.0,0.0,1.0
 TSV Schmiden 2, 71,Sörös,Martin,21.0,9.0,7.0,4.0,2.0,3.0
 ASV Aichwald, 71,El-Hourani,Marcel,7.0,2.0,1.0,3.0,0.0,0.0
 ASV Aichwald, 71,Fix,Alexander,10.0,0.0,0.0,2.0,2.0,3.0
 ASV Aichwald, 71,Gramm,Moritz,6.0,0.0,0.0,3.0,0.0,2.0
 ASV Aichwald, 71,Prauß,Enniego,11.0,0.0,0.0,4.0,1.0,3.0
 ASV Aichwald, 71,Ritter,Thomas,4.0,3.0,2.0,1.0,0.0,4.0
 ASV Aichwald, 71,Schwenzow,Tilmann,9.0,0.0,0.0,3.0,1.0,2.0
 ASV Aichwald, 71,Sticher,Niklas,0.0,2.0,0.0,0.0,0.0,2.0
 ASV Aichwald, 71,Weinschenk,Daniel,13.0,4.0,2.0,4.0,1.0,0.0
 SpVgg Möhringen 2, 63,Blumberg,David,12.0,6.0,4.0,4.0,0.0,2.0
 SpVgg Möhringen 2, 63,Dietz,Max,0.0,0.0,0.0,0.0,0.0,0.0
 SpVgg Möhringen 2, 63,Fabian,Jascha,12.0,0.0,0.0,6.0,0.0,2.0
 SpVgg Möhringen 2, 63,Huber,Ari,17.0,0.0,0.0,4.0,3.0,3.0
 SpVgg Möhringen 2, 63,Jetter,Martin,3.0,0.0,0.0,0.0,1.0,0.0
 SpVgg Möhringen 2, 63,Nieuwenhuizen,Florian,9.0,2.0,1.0,4.0,0.0,3.0
 SpVgg Möhringen 2, 63,Pavlovits,Stefan Sasa,21.0,2.0,2.0,5.0,3.0,0.0
 SpVgg Möhringen 2, 63,Roman,Eric,8.0,0.0,0.0,4.0,0.0,0.0
 SpVgg Möhringen 2, 63,Toromanovic,Zlatan,2.0,2.0,0.0,1.0,0.0,3.0
 SpVgg Möhringen 2, 63,Wiedemann,Bernd,4.0,0.0,0.0,2.0,0.0,0.0
 TSV Schmiden 2, 63,Bergert,Sven,12.0,0.0,0.0,3.0,2.0,0.0
 TSV Schmiden 2, 63,Bürkle,Rainer,0.0,0.0,0.0,0.0,0.0,0.0
 TSV Schmiden 2, 63,Dorst,Oliver,9.0,0.0,0.0,3.0,1.0,2.0
 TSV Schmiden 2, 63,Gühring,Valentino,26.0,2.0,1.0,2.0,7.0,0.0
 TSV Schmiden 2, 63,Jankovic,Marvin,2.0,0.0,0.0,1.0,0.0,0.0
 TSV Schmiden 2, 63,Klein,Kelvin,4.0,0.0,0.0,2.0,0.0,2.0
 TSV Schmiden 2, 63,Kunduklija,Almir,11.0,6.0,3.0,4.0,0.0,2.0
 TSV Schmiden 2, 63,Peiker,Marvin,3.0,0.0,0.0,0.0,1.0,1.0
 TSV Schmiden 2, 63,Wente,Eric,4.0,0.0,0.0,2.0,0.0,1.0
 Sportvg Feuerbach 3, 86,Berkant,Kurban,1.0,2.0,1.0,0.0,0.0,0.0
 Sportvg Feuerbach 3, 86,Boras,Karlo,4.0,2.0,2.0,1.0,0.0,1.0
 Sportvg Feuerbach 3, 86,Georgiadis,Dimitris,16.0,6.0,5.0,4.0,1.0,1.0
 Sportvg Feuerbach 3, 86,****,***,12.0,0.0,0.0,0.0,4.0,2.0
 Sportvg Feuerbach 3, 86,Hönig,Thomas,11.0,2.0,1.0,5.0,0.0,5.0
 Sportvg Feuerbach 3, 86,Kebede,Musse,24.0,2.0,1.0,10.0,1.0,0.0
 Sportvg Feuerbach 3, 86,Scharpf,Robert,0.0,0.0,0.0,0.0,0.0,0.0
 Sportvg Feuerbach 3, 86,Schneider,Alex,1.0,2.0,1.0,0.0,0.0,1.0
 Sportvg Feuerbach 3, 86,Schneider,Max,6.0,4.0,0.0,3.0,0.0,4.0
 Sportvg Feuerbach 3, 86,Siddalingappa,Arun,4.0,0.0,0.0,2.0,0.0,3.0
 ASV Aichwald, 86,El-Hourani,Marcel,2.0,0.0,0.0,1.0,0.0,3.0
 ASV Aichwald, 86,Emonds,Felix,2.0,0.0,0.0,1.0,0.0,0.0
 ASV Aichwald, 86,Fix,Alexander,14.0,2.0,1.0,5.0,1.0,2.0
 ASV Aichwald, 86,****,***,12.0,3.0,1.0,4.0,1.0,3.0
 ASV Aichwald, 86,Gramm,Moritz,19.0,2.0,1.0,3.0,4.0,3.0
 ASV Aichwald, 86,Prauß,Enniego,5.0,5.0,1.0,2.0,0.0,4.0
 ASV Aichwald, 86,Sticher,Niklas,11.0,7.0,3.0,4.0,0.0,0.0
 ASV Aichwald, 86,Weinschenk,Daniel,6.0,2.0,1.0,1.0,1.0,4.0
 Tb Ruit Deers, 74,Cetin,Samet,5.0,2.0,0.0,1.0,1.0,0.0
 Tb Ruit Deers, 74,Dere,Ibrahim,4.0,0.0,0.0,2.0,0.0,2.0
 Tb Ruit Deers, 74,Gueli,Alessandro,13.0,2.0,1.0,3.0,2.0,3.0
 Tb Ruit Deers, 74,Kumar,Sundeep,2.0,2.0,2.0,0.0,0.0,1.0
 Tb Ruit Deers, 74,Kuti,Goran,0.0,2.0,0.0,0.0,0.0,0.0
 Tb Ruit Deers, 74,Museta,Arian,9.0,6.0,1.0,4.0,0.0,1.0
 Tb Ruit Deers, 74,****,***,10.0,2.0,0.0,5.0,0.0,2.0
 Tb Ruit Deers, 74,Pokoj,Franz,13.0,10.0,4.0,3.0,1.0,3.0
 Tb Ruit Deers, 74,Stefani,Rainer,0.0,0.0,0.0,0.0,0.0,0.0
 Tb Ruit Deers, 74,Zabadal,Patrick,0.0,0.0,0.0,0.0,0.0,1.0
 SG Schorndorf, 74,Bulat,Kaan,0.0,0.0,0.0,0.0,0.0,0.0
 SG Schorndorf, 74,Cimino,Kareem,2.0,0.0,0.0,1.0,0.0,5.0
 SG Schorndorf, 74,Gaudio,Joel,0.0,0.0,0.0,0.0,0.0,0.0
 SG Schorndorf, 74,Gerstenhauer,Timo,2.0,0.0,0.0,1.0,0.0,0.0
 SG Schorndorf, 74,Hergül,Eray,0.0,0.0,0.0,0.0,0.0,0.0
 SG Schorndorf, 74,Hergül,Koray,12.0,0.0,0.0,3.0,2.0,2.0
 SG Schorndorf, 74,Komlenic,Dusan,1.0,5.0,1.0,0.0,0.0,5.0
 SG Schorndorf, 74,Komlenic,Krstan,16.0,2.0,1.0,0.0,5.0,3.0
 SG Schorndorf, 74,Segrt,Milan,9.0,4.0,1.0,4.0,0.0,1.0
 SG Schorndorf, 74,Weber,Ben,10.0,0.0,0.0,5.0,0.0,3.0
 TSV Schmiden 2, 33,Dorst,Oliver,7.0,2.0,0.0,2.0,1.0,1.0
 TSV Schmiden 2, 33,Eckenfelder,Felix,4.0,0.0,0.0,2.0,0.0,0.0
 TSV Schmiden 2, 33,Gühring,Valentino,34.0,4.0,3.0,5.0,7.0,1.0
 TSV Schmiden 2, 33,Ilas,Vasileios,22.0,4.0,3.0,8.0,1.0,3.0
 TSV Schmiden 2, 33,Jankovic,Marvin,4.0,2.0,0.0,2.0,0.0,2.0
 TSV Schmiden 2, 33,Klein,Kelvin,4.0,0.0,0.0,2.0,0.0,2.0
 TSV Schmiden 2, 33,Lucas,Simon,2.0,2.0,0.0,1.0,0.0,4.0
 TSV Schmiden 2, 33,Sörös,Martin,19.0,7.0,3.0,8.0,0.0,3.0
 Sportvg Feuerbach 3, 33,Berkant,Kurban,3.0,0.0,0.0,0.0,1.0,1.0
 Sportvg Feuerbach 3, 33,Fischer,Jerome Franklin,5.0,0.0,0.0,1.0,1.0,0.0
 Sportvg Feuerbach 3, 33,Georgiadis,Dimitris,10.0,0.0,0.0,5.0,0.0,2.0
 Sportvg Feuerbach 3, 33,Hönig,Thomas,2.0,0.0,0.0,1.0,0.0,3.0
 Sportvg Feuerbach 3, 33,Kebede,Musse,8.0,0.0,0.0,1.0,2.0,0.0
 Sportvg Feuerbach 3, 33,Mesic,Khiyan,2.0,0.0,0.0,1.0,0.0,1.0
 Sportvg Feuerbach 3, 33,Nowak,Alexander,0.0,0.0,0.0,0.0,0.0,2.0
 Sportvg Feuerbach 3, 33,Salar,Sahab,0.0,0.0,0.0,0.0,0.0,0.0
 Sportvg Feuerbach 3, 33,Scharpf,Robert,0.0,0.0,0.0,0.0,0.0,0.0
 Sportvg Feuerbach 3, 33,Schneider,Max,15.0,6.0,3.0,6.0,0.0,2.0
 Sportvg Feuerbach 3, 33,Siddalingappa,Arun,0.0,0.0,0.0,0.0,0.0,4.0
 Sportvg Feuerbach 3, 33,Skrimizeas,Dimitrios,2.0,4.0,0.0,1.0,0.0,1.0
 SG Schorndorf, 19,Buskus,Ignas,0.0,0.0,0.0,0.0,0.0,0.0
 SG Schorndorf, 19,Gerstenhauer,Timo,0.0,0.0,0.0,0.0,0.0,0.0
 SG Schorndorf, 19,Hergül,Eray,0.0,2.0,0.0,0.0,0.0,0.0
 SG Schorndorf, 19,Hergül,Koray,5.0,4.0,2.0,0.0,1.0,0.0
 SG Schorndorf, 19,Komlenic,Dusan,10.0,11.0,6.0,2.0,0.0,4.0
 SG Schorndorf, 19,Komlenic,Krstan,7.0,2.0,2.0,1.0,1.0,2.0
 SG Schorndorf, 19,Meinlschmidt,Tim,16.0,6.0,2.0,7.0,0.0,2.0
 SG Schorndorf, 19,Randisi,Samuele,0.0,2.0,0.0,0.0,0.0,3.0
 SG Schorndorf, 19,****,***,0.0,0.0,0.0,0.0,0.0,1.0
 SG Schorndorf, 19,Weber,Ben,4.0,2.0,1.0,0.0,1.0,3.0
 TSV Essingen, 19,Albanus,Julius,12.0,4.0,2.0,5.0,0.0,2.0
 TSV Essingen, 19,Demirtas,Luca,3.0,0.0,0.0,0.0,1.0,4.0
 TSV Essingen, 19,Jaros,Samuel,6.0,0.0,0.0,0.0,2.0,2.0
 TSV Essingen, 19,Mehajer,Jaafar,9.0,6.0,3.0,3.0,0.0,2.0
 TSV Essingen, 19,Müller,Peter,9.0,4.0,4.0,1.0,1.0,4.0
 TSV Essingen, 19,Penz,Julian,11.0,2.0,1.0,5.0,0.0,3.0
 TSV Essingen, 19,Seyum,Alexander,6.0,1.0,0.0,3.0,0.0,5.0
 TSV Essingen, 19,Walter,Martin,8.0,2.0,2.0,3.0,0.0,0.0
 TSV Essingen, 19,****,***,10.0,0.0,0.0,2.0,2.0,3.0
 TSV Essingen, 19,Zimmermann,Manfred,0.0,2.0,0.0,0.0,0.0,0.0
 SpVgg Möhringen 2, 90,Blumberg,David,20.0,5.0,4.0,8.0,0.0,2.0
 SpVgg Möhringen 2, 90,Dietz,Max,1.0,2.0,1.0,0.0,0.0,0.0
 SpVgg Möhringen 2, 90,Fabian,Jascha,3.0,2.0,1.0,1.0,0.0,1.0
 SpVgg Möhringen 2, 90,Jetter,Martin,4.0,0.0,0.0,2.0,0.0,2.0
 SpVgg Möhringen 2, 90,Nieuwenhuizen,Florian,13.0,6.0,5.0,4.0,0.0,4.0
 SpVgg Möhringen 2, 90,Roman,Eric,7.0,0.0,0.0,2.0,1.0,4.0
 SpVgg Möhringen 2, 90,Rösch,Oliver,2.0,0.0,0.0,1.0,0.0,1.0
 SpVgg Möhringen 2, 90,Schulz,Wilhelm,6.0,2.0,2.0,2.0,0.0,0.0
 SpVgg Möhringen 2, 90,Toromanovic,Zlatan,5.0,4.0,1.0,2.0,0.0,2.0
 SpVgg Möhringen 2, 90,Wiedemann,Bernd,4.0,2.0,0.0,2.0,0.0,1.0
 Tb Ruit Deers, 90,Gueli,Alessandro,24.0,5.0,1.0,7.0,3.0,4.0
 Tb Ruit Deers, 90,Hasanovic,Adnan,4.0,0.0,0.0,2.0,0.0,3.0
 Tb Ruit Deers, 90,Kumar,Sundeep,9.0,8.0,5.0,2.0,0.0,4.0
 Tb Ruit Deers, 90,Kuti,Goran,8.0,0.0,0.0,1.0,2.0,2.0
 Tb Ruit Deers, 90,****,***,13.0,5.0,5.0,4.0,0.0,0.0
 Tb Ruit Deers, 90,Pokoj,Franz,11.0,5.0,3.0,4.0,0.0,2.0
 Tb Ruit Deers, 90,****,***,2.0,2.0,2.0,0.0,0.0,0.0
 ASV Aichwald, 81,Cobisi,Valerio Paolo,15.0,12.0,7.0,4.0,0.0,3.0
 ASV Aichwald, 81,El-Hourani,Marcel,2.0,0.0,0.0,1.0,0.0,3.0
 ASV Aichwald, 81,Fix,Alexander,12.0,0.0,0.0,3.0,2.0,2.0
 ASV Aichwald, 81,Gramm,Moritz,12.0,3.0,2.0,2.0,2.0,1.0
 ASV Aichwald, 81,Prauß,Enniego,4.0,0.0,0.0,2.0,0.0,1.0
 ASV Aichwald, 81,Schwenzow,Tilmann,3.0,2.0,1.0,1.0,0.0,1.0
 ASV Aichwald, 81,Sticher,Niklas,6.0,1.0,0.0,3.0,0.0,1.0
 ASV Aichwald, 81,von Benthen,Dominik,0.0,0.0,0.0,0.0,0.0,1.0
 ASV Aichwald, 81,Weinschenk,Daniel,5.0,3.0,1.0,2.0,0.0,2.0
 SpVgg Möhringen 2, 81,Blumberg,David,9.0,4.0,2.0,2.0,1.0,5.0
 SpVgg Möhringen 2, 81,Fabian,Jascha,14.0,4.0,2.0,6.0,0.0,1.0
 SpVgg Möhringen 2, 81,Jetter,Martin,1.0,2.0,1.0,0.0,0.0,1.0
 SpVgg Möhringen 2, 81,Roman,Eric,7.0,2.0,1.0,3.0,0.0,1.0
 SpVgg Möhringen 2, 81,Rösch,Oliver,2.0,0.0,0.0,1.0,0.0,0.0
 SpVgg Möhringen 2, 81,Schlottke,Jan,0.0,0.0,0.0,0.0,0.0,0.0
 SpVgg Möhringen 2, 81,Schulz,Wilhelm,4.0,0.0,0.0,2.0,0.0,2.0
 SpVgg Möhringen 2, 81,Toromanovic,Zlatan,7.0,3.0,1.0,3.0,0.0,4.0
 SpVgg Möhringen 2, 81,Wiedemann,Bernd,4.0,2.0,2.0,1.0,0.0,4.0
 SpVgg Möhringen 2, 81,Wrachtrup,Maximilian,0.0,1.0,0.0,0.0,0.0,1.0
 TSB Schwäbisch Gmünd 2, 73,Bonnet,Marc-Aris,4.0,2.0,1.0,0.0,1.0,1.0
 TSB Schwäbisch Gmünd 2, 73,Bulatow,Max,4.0,0.0,0.0,2.0,0.0,3.0
 TSB Schwäbisch Gmünd 2, 73,Busch,Mark,23.0,9.0,6.0,4.0,3.0,2.0
 TSB Schwäbisch Gmünd 2, 73,Heilig,Jonas,0.0,0.0,0.0,0.0,0.0,1.0
 TSB Schwäbisch Gmünd 2, 73,Hellmann,Micha-Benjamin,12.0,2.0,0.0,6.0,0.0,3.0
 TSB Schwäbisch Gmünd 2, 73,Ihli,Jermaine,0.0,0.0,0.0,0.0,0.0,2.0
 TSB Schwäbisch Gmünd 2, 73,Magkoutas,Konstantinos,4.0,4.0,2.0,1.0,0.0,4.0
 TSB Schwäbisch Gmünd 2, 73,Schwenk,Marvin,3.0,0.0,0.0,0.0,1.0,2.0
 TSB Schwäbisch Gmünd 2, 73,Shaqiri,Levin,0.0,0.0,0.0,0.0,0.0,2.0
 TSB Schwäbisch Gmünd 2, 73,Tumba,Nikita,0.0,0.0,0.0,0.0,0.0,1.0
 TSB Schwäbisch Gmünd 2, 73,Weller,Ben,26.0,4.0,0.0,4.0,6.0,4.0
 TSV Essingen, 73,Demirtas,Luca,11.0,4.0,1.0,2.0,2.0,3.0
 TSV Essingen, 73,Jaros,Samuel,3.0,4.0,0.0,0.0,1.0,2.0
 TSV Essingen, 73,Mehajer,Jaafar,5.0,4.0,2.0,0.0,1.0,2.0
 TSV Essingen, 73,Mehajer,Zoulfikar,14.0,5.0,2.0,6.0,0.0,2.0
 TSV Essingen, 73,Müller,Peter,4.0,0.0,0.0,2.0,0.0,1.0
 TSV Essingen, 73,Rogers,Mitchell Lee,6.0,4.0,1.0,1.0,1.0,0.0
 TSV Essingen, 73,Seyum,Alexander,7.0,5.0,3.0,2.0,0.0,2.0
 TSV Essingen, 73,Walter,Martin,11.0,6.0,3.0,4.0,0.0,3.0
 TSV Essingen, 73,****,***,14.0,2.0,1.0,2.0,3.0,1.0
 TSV Essingen, 73,Zimmermann,Manfred,2.0,0.0,0.0,1.0,0.0,1.0
 TSB Schwäbisch Gmünd 2, 37,Bonnet,Marc-Aris,0.0,0.0,0.0,0.0,0.0,0.0
 TSB Schwäbisch Gmünd 2, 37,Bulatow,Max,0.0,0.0,0.0,0.0,0.0,0.0
 TSB Schwäbisch Gmünd 2, 37,Gouziotis,Konstantinos,0.0,0.0,0.0,0.0,0.0,0.0
 TSB Schwäbisch Gmünd 2, 37,Heilig,Jonas,0.0,0.0,0.0,0.0,0.0,0.0
 TSB Schwäbisch Gmünd 2, 37,Hellmann,Micha-Benjamin,0.0,0.0,0.0,0.0,0.0,0.0
 TSB Schwäbisch Gmünd 2, 37,Magkoutas,Konstantinos,0.0,0.0,0.0,0.0,0.0,0.0
 TSB Schwäbisch Gmünd 2, 37,Schwenk,Marvin,0.0,0.0,0.0,0.0,0.0,0.0
 TSB Schwäbisch Gmünd 2, 37,Stauss,Max,0.0,0.0,0.0,0.0,0.0,0.0
 TSB Schwäbisch Gmünd 2, 37,Tumba,Nikita,0.0,0.0,0.0,0.0,0.0,0.0
 TSB Schwäbisch Gmünd 2, 37,Weller,Ben,0.0,0.0,0.0,0.0,0.0,0.0
 Tb Ruit Deers, 37,Dere,Ibrahim,0.0,0.0,0.0,0.0,0.0,0.0
 Tb Ruit Deers, 37,Gueli,Alessandro,0.0,0.0,0.0,0.0,0.0,0.0
 Tb Ruit Deers, 37,Kumar,Sundeep,0.0,0.0,0.0,0.0,0.0,0.0
 Tb Ruit Deers, 37,Kuti,Goran,0.0,0.0,0.0,0.0,0.0,0.0
 Tb Ruit Deers, 37,Nhunwa Mbianga,Sylvain,0.0,0.0,0.0,0.0,0.0,0.0
 Tb Ruit Deers, 37,Pokoj,Franz,0.0,0.0,0.0,0.0,0.0,0.0
 Tb Ruit Deers, 37,Zabadal,Patrick,0.0,0.0,0.0,0.0,0.0,0.0
 Sportvg Feuerbach 3, 78,Boras,Karlo,4.0,0.0,0.0,2.0,0.0,1.0
 Sportvg Feuerbach 3, 78,Cvijetic,Andrej-Danis,0.0,0.0,0.0,0.0,0.0,0.0
 Sportvg Feuerbach 3, 78,Georgiadis,Dimitris,2.0,4.0,0.0,1.0,0.0,1.0
 Sportvg Feuerbach 3, 78,Kebede,Musse,13.0,0.0,0.0,2.0,3.0,0.0
 Sportvg Feuerbach 3, 78,Kotromanovic,Marko,7.0,0.0,0.0,2.0,1.0,1.0
 Sportvg Feuerbach 3, 78,Mesic,Khiyan,6.0,0.0,0.0,0.0,2.0,0.0
 Sportvg Feuerbach 3, 78,Nowak,Alexander,7.0,5.0,5.0,1.0,0.0,3.0
 Sportvg Feuerbach 3, 78,Pelkner,Niklas,7.0,2.0,2.0,1.0,1.0,2.0
 Sportvg Feuerbach 3, 78,Scharpf,Robert,0.0,0.0,0.0,0.0,0.0,0.0
 Sportvg Feuerbach 3, 78,Schneider,Alex,0.0,0.0,0.0,0.0,0.0,0.0
 Sportvg Feuerbach 3, 78,Siddalingappa,Arun,2.0,0.0,0.0,1.0,0.0,2.0
 TSV Schmiden 2, 78,Abadzic,Dmitar,6.0,2.0,2.0,2.0,0.0,2.0
 TSV Schmiden 2, 78,Alber,Christoph,8.0,0.0,0.0,4.0,0.0,3.0
 TSV Schmiden 2, 78,Bürkle,Rainer,0.0,0.0,0.0,0.0,0.0,2.0
 TSV Schmiden 2, 78,Dorst,Oliver,4.0,4.0,2.0,1.0,0.0,0.0
 TSV Schmiden 2, 78,Klein,Kelvin,4.0,0.0,0.0,2.0,0.0,1.0
 TSV Schmiden 2, 78,Kunduklija,Almir,8.0,2.0,0.0,4.0,0.0,2.0
 TSV Schmiden 2, 78,Sörös,Martin,27.0,6.0,2.0,8.0,3.0,2.0
 SpVgg Möhringen 2, 72,Blumberg,David,10.0,2.0,0.0,5.0,0.0,3.0
 SpVgg Möhringen 2, 72,Dietz,Max,4.0,0.0,0.0,2.0,0.0,0.0
 SpVgg Möhringen 2, 72,Fabian,Jascha,6.0,0.0,0.0,3.0,0.0,4.0
 SpVgg Möhringen 2, 72,Huber,Ari,29.0,5.0,3.0,10.0,2.0,1.0
 SpVgg Möhringen 2, 72,Roman,Eric,8.0,4.0,2.0,3.0,0.0,4.0
 SpVgg Möhringen 2, 72,Rösch,Oliver,0.0,0.0,0.0,0.0,0.0,0.0
 SpVgg Möhringen 2, 72,Schlottke,Jan,5.0,3.0,1.0,2.0,0.0,3.0
 SpVgg Möhringen 2, 72,Schulz,Wilhelm,4.0,0.0,0.0,2.0,0.0,1.0
 SpVgg Möhringen 2, 72,Toromanovic,Zlatan,5.0,8.0,3.0,1.0,0.0,4.0
 SpVgg Möhringen 2, 72,Wiedemann,Bernd,2.0,0.0,0.0,1.0,0.0,4.0
 Aalener Sportallianz, 72,Altevogt,Daniel,21.0,11.0,5.0,5.0,2.0,3.0
 Aalener Sportallianz, 72,Csatlos,Tibor,0.0,0.0,0.0,0.0,0.0,0.0
 Aalener Sportallianz, 72,Fuchs,Rene,6.0,2.0,2.0,2.0,0.0,1.0
 Aalener Sportallianz, 72,Isik,Mehmet Berke,2.0,0.0,0.0,1.0,0.0,4.0
 Aalener Sportallianz, 72,Knoblauch,Florian,6.0,4.0,2.0,2.0,0.0,2.0
 Aalener Sportallianz, 72,Mystiroudis,Ioannis,6.0,3.0,2.0,2.0,0.0,1.0
 Aalener Sportallianz, 72,Mystiroudis,Thrasyvoulos,0.0,0.0,0.0,0.0,0.0,1.0
 Aalener Sportallianz, 72,Pekka,Imre,13.0,2.0,0.0,2.0,3.0,2.0
 Aalener Sportallianz, 72,Quoc Anh,Vu,1.0,4.0,1.0,0.0,0.0,2.0
 Aalener Sportallianz, 72,Tchokoyo Nkongho,Crespin Miguel,1.0,2.0,1.0,0.0,0.0,1.0
 Aalener Sportallianz, 72,Ücüncüoglu,Mertkan,1.0,3.0,1.0,0.0,0.0,2.0
 Aalener Sportallianz, 72,Weber,Max,0.0,0.0,0.0,0.0,0.0,1.0
 TSB Schwäbisch Gmünd 2, 76,Bonnet,Marc-Aris,3.0,2.0,1.0,1.0,0.0,0.0
 TSB Schwäbisch Gmünd 2, 76,Bulatow,Max,6.0,4.0,2.0,2.0,0.0,2.0
 TSB Schwäbisch Gmünd 2, 76,****,***,2.0,0.0,0.0,1.0,0.0,1.0
 TSB Schwäbisch Gmünd 2, 76,Heilig,Jonas,0.0,0.0,0.0,0.0,0.0,1.0
 TSB Schwäbisch Gmünd 2, 76,Hellmann,Micha-Benjamin,6.0,1.0,0.0,3.0,0.0,1.0
 TSB Schwäbisch Gmünd 2, 76,Ihli,Jermaine,6.0,0.0,0.0,3.0,0.0,1.0
 TSB Schwäbisch Gmünd 2, 76,Lehmann,Oliver,2.0,0.0,0.0,1.0,0.0,0.0
 TSB Schwäbisch Gmünd 2, 76,Magkoutas,Konstantinos,4.0,0.0,0.0,2.0,0.0,2.0
 TSB Schwäbisch Gmünd 2, 76,Rommel,David,6.0,5.0,4.0,1.0,0.0,1.0
 TSB Schwäbisch Gmünd 2, 76,Schwenk,Marvin,2.0,2.0,2.0,0.0,0.0,1.0
 TSB Schwäbisch Gmünd 2, 76,Senge,Leon,0.0,0.0,0.0,0.0,0.0,0.0
 TSB Schwäbisch Gmünd 2, 76,Weller,Ben,21.0,5.0,2.0,5.0,3.0,3.0
 SpVgg Möhringen 2, 76,Dietz,Max,9.0,0.0,0.0,3.0,1.0,2.0
 SpVgg Möhringen 2, 76,Huber,Ari,15.0,3.0,0.0,6.0,1.0,5.0
 SpVgg Möhringen 2, 76,Jetter,Martin,0.0,0.0,0.0,0.0,0.0,0.0
 SpVgg Möhringen 2, 76,Nieuwenhuizen,Florian,3.0,2.0,1.0,1.0,0.0,3.0
 SpVgg Möhringen 2, 76,Roman,Eric,6.0,2.0,1.0,1.0,1.0,1.0
 SpVgg Möhringen 2, 76,Schlottke,Jan,2.0,0.0,0.0,1.0,0.0,0.0
 SpVgg Möhringen 2, 76,Schulz,Wilhelm,9.0,2.0,1.0,1.0,2.0,5.0
 SpVgg Möhringen 2, 76,Wiedemann,Bernd,6.0,0.0,0.0,3.0,0.0,1.0
 TSB Schwäbisch Gmünd 2, 65,Bonnet,Marc-Aris,5.0,5.0,1.0,2.0,0.0,1.0
 TSB Schwäbisch Gmünd 2, 65,Bulatow,Max,2.0,0.0,0.0,1.0,0.0,2.0
 TSB Schwäbisch Gmünd 2, 65,****,***,2.0,0.0,0.0,1.0,0.0,0.0
 TSB Schwäbisch Gmünd 2, 65,Gouziotis,Konstantinos,10.0,3.0,2.0,4.0,0.0,1.0
 TSB Schwäbisch Gmünd 2, 65,Hellmann,Micha-Benjamin,18.0,0.0,0.0,9.0,0.0,2.0
 TSB Schwäbisch Gmünd 2, 65,Lehmann,Oliver,2.0,0.0,0.0,1.0,0.0,3.0
 TSB Schwäbisch Gmünd 2, 65,Magkoutas,Konstantinos,2.0,0.0,0.0,1.0,0.0,1.0
 TSB Schwäbisch Gmünd 2, 65,Rommel,David,18.0,8.0,6.0,3.0,2.0,1.0
 TSB Schwäbisch Gmünd 2, 65,Schwenk,Marvin,6.0,2.0,0.0,3.0,0.0,1.0
 TSB Schwäbisch Gmünd 2, 65,Senge,Leon,0.0,0.0,0.0,0.0,0.0,1.0
 TSB Schwäbisch Gmünd 2, 65,Weller,Ben,21.0,1.0,0.0,3.0,5.0,3.0
 Sportvg Feuerbach 3, 65,Berkant,Kurban,0.0,0.0,0.0,0.0,0.0,1.0
 Sportvg Feuerbach 3, 65,Hönig,Thomas,9.0,5.0,3.0,3.0,0.0,3.0
 Sportvg Feuerbach 3, 65,Kebede,Musse,10.0,4.0,2.0,4.0,0.0,0.0
 Sportvg Feuerbach 3, 65,Kotromanovic,Marko,6.0,0.0,0.0,3.0,0.0,0.0
 Sportvg Feuerbach 3, 65,Nowak,Alexander,10.0,6.0,4.0,3.0,0.0,2.0
 Sportvg Feuerbach 3, 65,Pelkner,Niklas,2.0,2.0,0.0,1.0,0.0,0.0
 Sportvg Feuerbach 3, 65,Scharpf,Robert,2.0,0.0,0.0,1.0,0.0,1.0
 Sportvg Feuerbach 3, 65,Schneider,Max,15.0,4.0,3.0,6.0,0.0,4.0
 Sportvg Feuerbach 3, 65,Siddalingappa,Arun,3.0,0.0,0.0,0.0,1.0,3.0
 Sportvg Feuerbach 3, 65,Skrimizeas,Dimitrios,3.0,2.0,1.0,1.0,0.0,0.0
 Aalener Sportallianz, 48,Altevogt,Daniel,32.0,13.0,9.0,10.0,1.0,3.0
 Aalener Sportallianz, 48,Csatlos,Tibor,0.0,0.0,0.0,0.0,0.0,3.0
 Aalener Sportallianz, 48,Fuchs,Rene,0.0,0.0,0.0,0.0,0.0,0.0
 Aalener Sportallianz, 48,Isik,Mehmet Berke,0.0,0.0,0.0,0.0,0.0,1.0
 Aalener Sportallianz, 48,****,***,10.0,2.0,0.0,5.0,0.0,3.0
 Aalener Sportallianz, 48,Mystiroudis,Ioannis,6.0,0.0,0.0,3.0,0.0,3.0
 Aalener Sportallianz, 48,Mystiroudis,Thrasyvoulos,0.0,0.0,0.0,0.0,0.0,2.0
 Aalener Sportallianz, 48,Pekka,Emeric,0.0,0.0,0.0,0.0,0.0,0.0
 Aalener Sportallianz, 48,Pekka,Imre,9.0,0.0,0.0,0.0,3.0,4.0
 Aalener Sportallianz, 48,Wigel,Alexander,1.0,2.0,1.0,0.0,0.0,3.0
 TSV Essingen, 48,Demirtas,Luca,15.0,1.0,1.0,1.0,4.0,2.0
 TSV Essingen, 48,Mehajer,Jaafar,13.0,3.0,3.0,5.0,0.0,4.0
 TSV Essingen, 48,Müller,Peter,0.0,0.0,0.0,0.0,0.0,0.0
 TSV Essingen, 48,Penz,Julian,14.0,3.0,1.0,5.0,1.0,3.0
 TSV Essingen, 48,Seyum,Alexander,17.0,9.0,5.0,6.0,0.0,3.0
 TSV Essingen, 48,Walter,Martin,8.0,3.0,2.0,3.0,0.0,3.0
 TSV Essingen, 48,****,***,13.0,4.0,3.0,2.0,2.0,3.0
 TSV Essingen, 48,Zimmermann,Manfred,9.0,2.0,1.0,4.0,0.0,3.0
